bit_i,bit_j,frag_i,radius_i,frag_j,radius_j,count_i,count_j,count_ij,mi_bits,mi_ratio,p_i_given_j,p_j_given_i
16350,16382,cc1cC(N)CCC1,3,c[nH]c(c(c)C)C(C)N,2,243,243,243,0.005855,1.000000,1.000000,1.000000
16344,16332,CCCC(C(=O)O)C(O)CC,3,CCCCCC(C(=O)O)C(O)CC,4,243,243,243,0.005855,1.000000,1.000000,1.000000
16382,16350,c[nH]c(c(c)C)C(C)N,2,cc1cC(N)CCC1,3,243,243,243,0.005855,1.000000,1.000000,1.000000
16359,16337,C=CC(c(c)c)C(C)C,2,cc(c)C1C=CC(c)CC1C,3,243,243,243,0.005855,1.000000,1.000000,1.000000
16333,16359,cc(c)C1C=CC(c)CC1CC(=O)OC(c)C,4,C=CC(c(c)c)C(C)C,2,243,243,243,0.005855,1.000000,1.000000,1.000000
16337,16333,cc(c)C1C=CC(c)CC1C,3,cc(c)C1C=CC(c)CC1CC(=O)OC(c)C,4,243,243,243,0.005855,1.000000,1.000000,1.000000
16332,16344,CCCCCC(C(=O)O)C(O)CC,4,CCCC(C(=O)O)C(O)CC,3,243,243,243,0.005855,1.000000,1.000000,1.000000
16333,16337,cc(c)C1C=CC(c)CC1CC(=O)OC(c)C,4,cc(c)C1C=CC(c)CC1C,3,243,243,243,0.005855,1.000000,1.000000,1.000000
16337,16359,cc(c)C1C=CC(c)CC1C,3,C=CC(c(c)c)C(C)C,2,243,243,243,0.005855,1.000000,1.000000,1.000000
16359,16333,C=CC(c(c)c)C(C)C,2,cc(c)C1C=CC(c)CC1CC(=O)OC(c)C,4,243,243,243,0.005855,1.000000,1.000000,1.000000
14769,14784,CC(C)C1CCC2=CC(=N)CCC2(C)C1C,4,CC1CCCC2=CC(=N)CCC21C,3,267,267,267,0.006363,1.000000,1.000000,1.000000
14774,14799,cnc1c(n)c(=O)[nH]c(=O)n1C,4,cnc1c(n)c[nH]c(=O)n1C,3,267,267,267,0.006363,1.000000,1.000000,1.000000
14763,14769,CC1CCCC2C1CCC1=CC(=N)CCC12C,4,CC(C)C1CCC2=CC(=N)CCC2(C)C1C,4,267,267,267,0.006363,1.000000,1.000000,1.000000
14763,14784,CC1CCCC2C1CCC1=CC(=N)CCC12C,4,CC1CCCC2=CC(=N)CCC21C,3,267,267,267,0.006363,1.000000,1.000000,1.000000
14750,14784,CC1=CC(=N)CCC1(C)C(C)C,3,CC1CCCC2=CC(=N)CCC21C,3,267,267,267,0.006363,1.000000,1.000000,1.000000
14763,14750,CC1CCCC2C1CCC1=CC(=N)CCC12C,4,CC1=CC(=N)CCC1(C)C(C)C,3,267,267,267,0.006363,1.000000,1.000000,1.000000
14799,14774,cnc1c(n)c[nH]c(=O)n1C,3,cnc1c(n)c(=O)[nH]c(=O)n1C,4,267,267,267,0.006363,1.000000,1.000000,1.000000
14784,14769,CC1CCCC2=CC(=N)CCC21C,3,CC(C)C1CCC2=CC(=N)CCC2(C)C1C,4,267,267,267,0.006363,1.000000,1.000000,1.000000
14750,14769,CC1=CC(=N)CCC1(C)C(C)C,3,CC(C)C1CCC2=CC(=N)CCC2(C)C1C,4,267,267,267,0.006363,1.000000,1.000000,1.000000
14784,14763,CC1CCCC2=CC(=N)CCC21C,3,CC1CCCC2C1CCC1=CC(=N)CCC12C,4,267,267,267,0.006363,1.000000,1.000000,1.000000
14748,14779,c-c1noc(C(C)O)c1C,3,cc(C)c(on)C(C)O,2,267,267,267,0.006363,1.000000,1.000000,1.000000
14750,14763,CC1=CC(=N)CCC1(C)C(C)C,3,CC1CCCC2C1CCC1=CC(=N)CCC12C,4,267,267,267,0.006363,1.000000,1.000000,1.000000
14769,14750,CC(C)C1CCC2=CC(=N)CCC2(C)C1C,4,CC1=CC(=N)CCC1(C)C(C)C,3,267,267,267,0.006363,1.000000,1.000000,1.000000
14769,14763,CC(C)C1CCC2=CC(=N)CCC2(C)C1C,4,CC1CCCC2C1CCC1=CC(=N)CCC12C,4,267,267,267,0.006363,1.000000,1.000000,1.000000
14779,14748,cc(C)c(on)C(C)O,2,c-c1noc(C(C)O)c1C,3,267,267,267,0.006363,1.000000,1.000000,1.000000
14784,14750,CC1CCCC2=CC(=N)CCC21C,3,CC1=CC(=N)CCC1(C)C(C)C,3,267,267,267,0.006363,1.000000,1.000000,1.000000
11242,11273,CNC(=O)C1CCCN1C(=O)C(C)(C)N,5,CNC(=O)C1CCCN1C(=O)C(C)(C)NC,4,345,345,345,0.007976,1.000000,1.000000,1.000000
11250,11266,c-c1ccc2c(OC(C)O)cc(O)cc2[o+]1,5,ccc1c(OC(C)O)cc(O)cc1[o+],3,345,345,345,0.007976,1.000000,1.000000,1.000000
11251,11243,CCC1C(CN(C)C)CCCN1C,3,CN(C)CC1CCCN2CCCCC12,4,345,345,345,0.007976,1.000000,1.000000,1.000000
11243,11251,CN(C)CC1CCCN2CCCCC12,4,CCC1C(CN(C)C)CCCN1C,3,345,345,345,0.007976,1.000000,1.000000,1.000000
10538,10563,cc(c)C1OCC(=O)NC1C,3,COC(c1ccccc1)C(C)N,3,368,368,368,0.008442,1.000000,1.000000,1.000000
10538,10561,cc(c)C1OCC(=O)NC1C,3,cc(c)C(OC)C(C)N,2,368,368,368,0.008442,1.000000,1.000000,1.000000
10563,10561,COC(c1ccccc1)C(C)N,3,cc(c)C(OC)C(C)N,2,368,368,368,0.008442,1.000000,1.000000,1.000000
10561,10538,cc(c)C(OC)C(C)N,2,cc(c)C1OCC(=O)NC1C,3,368,368,368,0.008442,1.000000,1.000000,1.000000
10543,10559,CCC1(C)CCC(N)CC1C,3,CC(C)C(C)C(C)N,2,368,368,368,0.008442,1.000000,1.000000,1.000000
10561,10563,cc(c)C(OC)C(C)N,2,COC(c1ccccc1)C(C)N,3,368,368,368,0.008442,1.000000,1.000000,1.000000
10563,10538,COC(c1ccccc1)C(C)N,3,cc(c)C1OCC(=O)NC1C,3,368,368,368,0.008442,1.000000,1.000000,1.000000
10559,10543,CC(C)C(C)C(C)N,2,CCC1(C)CCC(N)CC1C,3,368,368,368,0.008442,1.000000,1.000000,1.000000
10478,10457,cn(C)c1c(=O)n(C)c(=O)n(C)c1n,4,cn(C)c1c(=O)n(C)c(=O)nc1n,3,371,371,371,0.008502,1.000000,1.000000,1.000000
10457,10478,cn(C)c1c(=O)n(C)c(=O)nc1n,3,cn(C)c1c(=O)n(C)c(=O)n(C)c1n,4,371,371,371,0.008502,1.000000,1.000000,1.000000
13249,13250,CNc1nc(C(C)C)c(C)s1,3,CCC1c2nc(NC)sc2CC(C(C)(C)C)C1(C)C,4,296,296,296,0.006970,1.000000,1.000000,1.000000
13249,13206,CNc1nc(C(C)C)c(C)s1,3,CCC1c2nc(NC)sc2CC2C(C)(CO)C(O)CCC12C,5,296,296,296,0.006970,1.000000,1.000000,1.000000
13206,13250,CCC1c2nc(NC)sc2CC2C(C)(CO)C(O)CCC12C,5,CCC1c2nc(NC)sc2CC(C(C)(C)C)C1(C)C,4,296,296,296,0.006970,1.000000,1.000000,1.000000
13206,13249,CCC1c2nc(NC)sc2CC2C(C)(CO)C(O)CCC12C,5,CNc1nc(C(C)C)c(C)s1,3,296,296,296,0.006970,1.000000,1.000000,1.000000
13208,13216,cc1cOC(C(=O)O)=C(C=O)C1=C(C)C,3,C=C(c)C(C=O)=C(C)O,2,296,296,296,0.006970,1.000000,1.000000,1.000000
13234,13203,cc(c)C1CC(=O)Oc2ccc(C)c(OC)c21,4,cc(c)C1CCOc2ccc(C)c(OC)c21,3,296,296,296,0.006970,1.000000,1.000000,1.000000
13220,13215,C=CC1(OC)C(C)C(=O)N(CC)C1C(=O)NC1CCCCC1,5,C=CC1(OC)C(C)C(=O)N(CC)C1C(=O)NC(CC)CC,4,296,296,296,0.006970,1.000000,1.000000,1.000000
13241,13208,C=C(C)C(=C(C)C)c(c)c,2,cc1cOC(C(=O)O)=C(C=O)C1=C(C)C,3,296,296,296,0.006970,1.000000,1.000000,1.000000
13205,13249,CCc1sc(NC)nc1C,3,CNc1nc(C(C)C)c(C)s1,3,296,296,296,0.006970,1.000000,1.000000,1.000000
13205,13250,CCc1sc(NC)nc1C,3,CCC1c2nc(NC)sc2CC(C(C)(C)C)C1(C)C,4,296,296,296,0.006970,1.000000,1.000000,1.000000
13232,13213,CC(c)CC(=O)O,2,cc(c)C(C#CC(C)c)CC,3,296,296,296,0.006970,1.000000,1.000000,1.000000
13250,13206,CCC1c2nc(NC)sc2CC(C(C)(C)C)C1(C)C,4,CCC1c2nc(NC)sc2CC2C(C)(CO)C(O)CCC12C,5,296,296,296,0.006970,1.000000,1.000000,1.000000
13206,13205,CCC1c2nc(NC)sc2CC2C(C)(CO)C(O)CCC12C,5,CCc1sc(NC)nc1C,3,296,296,296,0.006970,1.000000,1.000000,1.000000
13211,13225,cc(n)CC1CC(N)C1(C)C,3,CC1CC(N)C1,2,296,296,296,0.006970,1.000000,1.000000,1.000000
13213,13232,cc(c)C(C#CC(C)c)CC,3,CC(c)CC(=O)O,2,296,296,296,0.006970,1.000000,1.000000,1.000000
13211,13246,cc(n)CC1CC(N)C1(C)C,3,CC1CC(N)C1(C)C,2,296,296,296,0.006970,1.000000,1.000000,1.000000
13241,13216,C=C(C)C(=C(C)C)c(c)c,2,C=C(c)C(C=O)=C(C)O,2,296,296,296,0.006970,1.000000,1.000000,1.000000
13246,13211,CC1CC(N)C1(C)C,2,cc(n)CC1CC(N)C1(C)C,3,296,296,296,0.006970,1.000000,1.000000,1.000000
13246,13225,CC1CC(N)C1(C)C,2,CC1CC(N)C1,2,296,296,296,0.006970,1.000000,1.000000,1.000000
13215,13220,C=CC1(OC)C(C)C(=O)N(CC)C1C(=O)NC(CC)CC,4,C=CC1(OC)C(C)C(=O)N(CC)C1C(=O)NC1CCCCC1,5,296,296,296,0.006970,1.000000,1.000000,1.000000
13205,13206,CCc1sc(NC)nc1C,3,CCC1c2nc(NC)sc2CC2C(C)(CO)C(O)CCC12C,5,296,296,296,0.006970,1.000000,1.000000,1.000000
13203,13234,cc(c)C1CCOc2ccc(C)c(OC)c21,3,cc(c)C1CC(=O)Oc2ccc(C)c(OC)c21,4,296,296,296,0.006970,1.000000,1.000000,1.000000
13225,13211,CC1CC(N)C1,2,cc(n)CC1CC(N)C1(C)C,3,296,296,296,0.006970,1.000000,1.000000,1.000000
13208,13241,cc1cOC(C(=O)O)=C(C=O)C1=C(C)C,3,C=C(C)C(=C(C)C)c(c)c,2,296,296,296,0.006970,1.000000,1.000000,1.000000
13225,13246,CC1CC(N)C1,2,CC1CC(N)C1(C)C,2,296,296,296,0.006970,1.000000,1.000000,1.000000
13250,13205,CCC1c2nc(NC)sc2CC(C(C)(C)C)C1(C)C,4,CCc1sc(NC)nc1C,3,296,296,296,0.006970,1.000000,1.000000,1.000000
13249,13205,CNc1nc(C(C)C)c(C)s1,3,CCc1sc(NC)nc1C,3,296,296,296,0.006970,1.000000,1.000000,1.000000
9864,9866,CCC=CC(O)C(COC(OC)C(C)O)NC(=O)CCC,5,CCC=CC(O)C(COC)NC(C)=O,4,393,393,393,0.008944,1.000000,1.000000,1.000000
9868,9852,ccc1c2c([nH]c1c)C(c)N1C(=O)N(c)C(=O)C1C2,4,cc1cC(c)N2C(=O)N(c)C(=O)C2C1,3,393,393,393,0.008944,1.000000,1.000000,1.000000
13216,13241,C=C(c)C(C=O)=C(C)O,2,C=C(C)C(=C(C)C)c(c)c,2,296,296,296,0.006970,1.000000,1.000000,1.000000
13250,13249,CCC1c2nc(NC)sc2CC(C(C)(C)C)C1(C)C,4,CNc1nc(C(C)C)c(C)s1,3,296,296,296,0.006970,1.000000,1.000000,1.000000
13216,13208,C=C(c)C(C=O)=C(C)O,2,cc1cOC(C(=O)O)=C(C=O)C1=C(C)C,3,296,296,296,0.006970,1.000000,1.000000,1.000000
9852,9868,cc1cC(c)N2C(=O)N(c)C(=O)C2C1,3,ccc1c2c([nH]c1c)C(c)N1C(=O)N(c)C(=O)C1C2,4,393,393,393,0.008944,1.000000,1.000000,1.000000
9866,9864,CCC=CC(O)C(COC)NC(C)=O,4,CCC=CC(O)C(COC(OC)C(C)O)NC(=O)CCC,5,393,393,393,0.008944,1.000000,1.000000,1.000000
11349,11350,ccc(cc)S(C)(=O)=O,2,CS(=O)(=O)c1ccccc1,3,343,343,343,0.007936,1.000000,1.000000,1.000000
11328,11317,cc(c)C(OC)C(C)(C)C,2,COC(c1ccoc1)C(C)(C)C,3,343,343,343,0.007936,1.000000,1.000000,1.000000
11317,11328,COC(c1ccoc1)C(C)(C)C,3,cc(c)C(OC)C(C)(C)C,2,343,343,343,0.007936,1.000000,1.000000,1.000000
11350,11349,CS(=O)(=O)c1ccccc1,3,ccc(cc)S(C)(=O)=O,2,343,343,343,0.007936,1.000000,1.000000,1.000000
9220,9236,C=C1CC=C2Oc(c)c(c(c)O)C2(C)C1=O,3,C=C1CC(c)(C)C(Oc)=CC1=O,3,419,419,419,0.009461,1.000000,1.000000,1.000000
9220,9237,C=C1CC=C2Oc(c)c(c(c)O)C2(C)C1=O,3,C=C1CC=C2Oc3c(C(C)=O)c(O)c(C)c(O)c3C2(C)C1=O,4,419,419,419,0.009461,1.000000,1.000000,1.000000
9220,9218,C=C1CC=C2Oc(c)c(c(c)O)C2(C)C1=O,3,CC(=O)c1c(O)cc(O)c2c1OC1=CC(=O)CC(=O)C12C,4,419,419,419,0.009461,1.000000,1.000000,1.000000
9220,9222,C=C1CC=C2Oc(c)c(c(c)O)C2(C)C1=O,3,cc1c(c)C2(C)C(=O)CC(=O)C=C2O1,3,419,419,419,0.009461,1.000000,1.000000,1.000000
9222,9237,cc1c(c)C2(C)C(=O)CC(=O)C=C2O1,3,C=C1CC=C2Oc3c(C(C)=O)c(O)c(C)c(O)c3C2(C)C1=O,4,419,419,419,0.009461,1.000000,1.000000,1.000000
9218,9237,CC(=O)c1c(O)cc(O)c2c1OC1=CC(=O)CC(=O)C12C,4,C=C1CC=C2Oc3c(C(C)=O)c(O)c(C)c(O)c3C2(C)C1=O,4,419,419,419,0.009461,1.000000,1.000000,1.000000
9208,9205,cccc(C)[nH],2,Cc1ccc[nH]1,3,419,419,419,0.009461,1.000000,1.000000,1.000000
9218,9236,CC(=O)c1c(O)cc(O)c2c1OC1=CC(=O)CC(=O)C12C,4,C=C1CC(c)(C)C(Oc)=CC1=O,3,419,419,419,0.009461,1.000000,1.000000,1.000000
9207,9237,C=C1C(=O)C=C2Oc3c(C(C)=O)c(O)c(C)c(O)c3C2(C)C1=O,5,C=C1CC=C2Oc3c(C(C)=O)c(O)c(C)c(O)c3C2(C)C1=O,4,419,419,419,0.009461,1.000000,1.000000,1.000000
9207,9236,C=C1C(=O)C=C2Oc3c(C(C)=O)c(O)c(C)c(O)c3C2(C)C1=O,5,C=C1CC(c)(C)C(Oc)=CC1=O,3,419,419,419,0.009461,1.000000,1.000000,1.000000
9212,9203,cnc1c(c)ncn1C1OC(COP(=O)(O)O)C(OP(=O)(O)O)C1O,5,Nc1ncnc2c1ncn2C1OC(COP(=O)(O)O)C(OP(=O)(O)O)C1O,6,419,419,419,0.009461,1.000000,1.000000,1.000000
9211,9232,cc(c)C1OC(=O)C(O)CC1(C)C,3,cc(c)C(OC)C(C)(C)C,2,419,419,419,0.009461,1.000000,1.000000,1.000000
9207,9222,C=C1C(=O)C=C2Oc3c(C(C)=O)c(O)c(C)c(O)c3C2(C)C1=O,5,cc1c(c)C2(C)C(=O)CC(=O)C=C2O1,3,419,419,419,0.009461,1.000000,1.000000,1.000000
9236,9218,C=C1CC(c)(C)C(Oc)=CC1=O,3,CC(=O)c1c(O)cc(O)c2c1OC1=CC(=O)CC(=O)C12C,4,419,419,419,0.009461,1.000000,1.000000,1.000000
9212,9231,cnc1c(c)ncn1C1OC(COP(=O)(O)O)C(OP(=O)(O)O)C1O,5,cc(n)n(cn)C1OC(COP(=O)(O)O)C(OP(=O)(O)O)C1O,5,419,419,419,0.009461,1.000000,1.000000,1.000000
9204,9218,C=C1C(=O)C=C2Oc(c(c)C)c(c(c)O)C2(C)C1=O,4,CC(=O)c1c(O)cc(O)c2c1OC1=CC(=O)CC(=O)C12C,4,419,419,419,0.009461,1.000000,1.000000,1.000000
9203,9231,Nc1ncnc2c1ncn2C1OC(COP(=O)(O)O)C(OP(=O)(O)O)C1O,6,cc(n)n(cn)C1OC(COP(=O)(O)O)C(OP(=O)(O)O)C1O,5,419,419,419,0.009461,1.000000,1.000000,1.000000
9205,9208,Cc1ccc[nH]1,3,cccc(C)[nH],2,419,419,419,0.009461,1.000000,1.000000,1.000000
9204,9220,C=C1C(=O)C=C2Oc(c(c)C)c(c(c)O)C2(C)C1=O,4,C=C1CC=C2Oc(c)c(c(c)O)C2(C)C1=O,3,419,419,419,0.009461,1.000000,1.000000,1.000000
9207,9220,C=C1C(=O)C=C2Oc3c(C(C)=O)c(O)c(C)c(O)c3C2(C)C1=O,5,C=C1CC=C2Oc(c)c(c(c)O)C2(C)C1=O,3,419,419,419,0.009461,1.000000,1.000000,1.000000
9204,9222,C=C1C(=O)C=C2Oc(c(c)C)c(c(c)O)C2(C)C1=O,4,cc1c(c)C2(C)C(=O)CC(=O)C=C2O1,3,419,419,419,0.009461,1.000000,1.000000,1.000000
9203,9212,Nc1ncnc2c1ncn2C1OC(COP(=O)(O)O)C(OP(=O)(O)O)C1O,6,cnc1c(c)ncn1C1OC(COP(=O)(O)O)C(OP(=O)(O)O)C1O,5,419,419,419,0.009461,1.000000,1.000000,1.000000
9204,9237,C=C1C(=O)C=C2Oc(c(c)C)c(c(c)O)C2(C)C1=O,4,C=C1CC=C2Oc3c(C(C)=O)c(O)c(C)c(O)c3C2(C)C1=O,4,419,419,419,0.009461,1.000000,1.000000,1.000000
9204,9236,C=C1C(=O)C=C2Oc(c(c)C)c(c(c)O)C2(C)C1=O,4,C=C1CC(c)(C)C(Oc)=CC1=O,3,419,419,419,0.009461,1.000000,1.000000,1.000000
9204,9207,C=C1C(=O)C=C2Oc(c(c)C)c(c(c)O)C2(C)C1=O,4,C=C1C(=O)C=C2Oc3c(C(C)=O)c(O)c(C)c(O)c3C2(C)C1=O,5,419,419,419,0.009461,1.000000,1.000000,1.000000
9207,9218,C=C1C(=O)C=C2Oc3c(C(C)=O)c(O)c(C)c(O)c3C2(C)C1=O,5,CC(=O)c1c(O)cc(O)c2c1OC1=CC(=O)CC(=O)C12C,4,419,419,419,0.009461,1.000000,1.000000,1.000000
9207,9204,C=C1C(=O)C=C2Oc3c(C(C)=O)c(O)c(C)c(O)c3C2(C)C1=O,5,C=C1C(=O)C=C2Oc(c(c)C)c(c(c)O)C2(C)C1=O,4,419,419,419,0.009461,1.000000,1.000000,1.000000
9222,9218,cc1c(c)C2(C)C(=O)CC(=O)C=C2O1,3,CC(=O)c1c(O)cc(O)c2c1OC1=CC(=O)CC(=O)C12C,4,419,419,419,0.009461,1.000000,1.000000,1.000000
9218,9220,CC(=O)c1c(O)cc(O)c2c1OC1=CC(=O)CC(=O)C12C,4,C=C1CC=C2Oc(c)c(c(c)O)C2(C)C1=O,3,419,419,419,0.009461,1.000000,1.000000,1.000000
9222,9236,cc1c(c)C2(C)C(=O)CC(=O)C=C2O1,3,C=C1CC(c)(C)C(Oc)=CC1=O,3,419,419,419,0.009461,1.000000,1.000000,1.000000
9222,9220,cc1c(c)C2(C)C(=O)CC(=O)C=C2O1,3,C=C1CC=C2Oc(c)c(c(c)O)C2(C)C1=O,3,419,419,419,0.009461,1.000000,1.000000,1.000000
9218,9222,CC(=O)c1c(O)cc(O)c2c1OC1=CC(=O)CC(=O)C12C,4,cc1c(c)C2(C)C(=O)CC(=O)C=C2O1,3,419,419,419,0.009461,1.000000,1.000000,1.000000
9237,9218,C=C1CC=C2Oc3c(C(C)=O)c(O)c(C)c(O)c3C2(C)C1=O,4,CC(=O)c1c(O)cc(O)c2c1OC1=CC(=O)CC(=O)C12C,4,419,419,419,0.009461,1.000000,1.000000,1.000000
9237,9220,C=C1CC=C2Oc3c(C(C)=O)c(O)c(C)c(O)c3C2(C)C1=O,4,C=C1CC=C2Oc(c)c(c(c)O)C2(C)C1=O,3,419,419,419,0.009461,1.000000,1.000000,1.000000
9237,9222,C=C1CC=C2Oc3c(C(C)=O)c(O)c(C)c(O)c3C2(C)C1=O,4,cc1c(c)C2(C)C(=O)CC(=O)C=C2O1,3,419,419,419,0.009461,1.000000,1.000000,1.000000
9237,9236,C=C1CC=C2Oc3c(C(C)=O)c(O)c(C)c(O)c3C2(C)C1=O,4,C=C1CC(c)(C)C(Oc)=CC1=O,3,419,419,419,0.009461,1.000000,1.000000,1.000000
9236,9237,C=C1CC(c)(C)C(Oc)=CC1=O,3,C=C1CC=C2Oc3c(C(C)=O)c(O)c(C)c(O)c3C2(C)C1=O,4,419,419,419,0.009461,1.000000,1.000000,1.000000
9236,9220,C=C1CC(c)(C)C(Oc)=CC1=O,3,C=C1CC=C2Oc(c)c(c(c)O)C2(C)C1=O,3,419,419,419,0.009461,1.000000,1.000000,1.000000
9236,9222,C=C1CC(c)(C)C(Oc)=CC1=O,3,cc1c(c)C2(C)C(=O)CC(=O)C=C2O1,3,419,419,419,0.009461,1.000000,1.000000,1.000000
8689,8687,c-c1ccc2n(c1=O)CC(C)CC2C,3,c-c1ccc(C(C)C)n(C)c1,3,444,444,444,0.009954,1.000000,1.000000,1.000000
8687,8689,c-c1ccc(C(C)C)n(C)c1,3,c-c1ccc2n(c1=O)CC(C)CC2C,3,444,444,444,0.009954,1.000000,1.000000,1.000000
12228,12243,CC(O)OC1CCC2(C)C(C)CCCC2C1(C)C=O,4,CC(O)OC1CCC(C)(C(C)C)C(C)C1(C)C=O,4,318,318,318,0.007424,1.000000,1.000000,1.000000
12243,12228,CC(O)OC1CCC(C)(C(C)C)C(C)C1(C)C=O,4,CC(O)OC1CCC2(C)C(C)CCCC2C1(C)C=O,4,318,318,318,0.007424,1.000000,1.000000,1.000000
9670,9668,CC=CC(O)C(COC(C)O)NC(=O)CC,4,C=CC(O)C(COC)NC(C)=O,3,401,401,401,0.009103,1.000000,1.000000,1.000000
9670,9671,CC=CC(O)C(COC(C)O)NC(=O)CC,4,C=CC(O)C(COC(OC)C(C)O)NC(C)=O,4,401,401,401,0.009103,1.000000,1.000000,1.000000
9671,9660,C=CC(O)C(COC(OC)C(C)O)NC(C)=O,4,C=CC(O)C(COC)NC(=O)CCC,4,401,401,401,0.009103,1.000000,1.000000,1.000000
9671,9668,C=CC(O)C(COC(OC)C(C)O)NC(C)=O,4,C=CC(O)C(COC)NC(C)=O,3,401,401,401,0.009103,1.000000,1.000000,1.000000
9669,9663,CC(C)(COP)C(O)C(N)=O,3,CCNC(=O)C(O)C(C)(C)COP,4,401,401,401,0.009103,1.000000,1.000000,1.000000
9670,9660,CC=CC(O)C(COC(C)O)NC(=O)CC,4,C=CC(O)C(COC)NC(=O)CCC,4,401,401,401,0.009103,1.000000,1.000000,1.000000
9660,9671,C=CC(O)C(COC)NC(=O)CCC,4,C=CC(O)C(COC(OC)C(C)O)NC(C)=O,4,401,401,401,0.009103,1.000000,1.000000,1.000000
9660,9670,C=CC(O)C(COC)NC(=O)CCC,4,CC=CC(O)C(COC(C)O)NC(=O)CC,4,401,401,401,0.009103,1.000000,1.000000,1.000000
9660,9668,C=CC(O)C(COC)NC(=O)CCC,4,C=CC(O)C(COC)NC(C)=O,3,401,401,401,0.009103,1.000000,1.000000,1.000000
9668,9671,C=CC(O)C(COC)NC(C)=O,3,C=CC(O)C(COC(OC)C(C)O)NC(C)=O,4,401,401,401,0.009103,1.000000,1.000000,1.000000
9668,9670,C=CC(O)C(COC)NC(C)=O,3,CC=CC(O)C(COC(C)O)NC(=O)CC,4,401,401,401,0.009103,1.000000,1.000000,1.000000
9671,9670,C=CC(O)C(COC(OC)C(C)O)NC(C)=O,4,CC=CC(O)C(COC(C)O)NC(=O)CC,4,401,401,401,0.009103,1.000000,1.000000,1.000000
9668,9660,C=CC(O)C(COC)NC(C)=O,3,C=CC(O)C(COC)NC(=O)CCC,4,401,401,401,0.009103,1.000000,1.000000,1.000000
9663,9669,CCNC(=O)C(O)C(C)(C)COP,4,CC(C)(COP)C(O)C(N)=O,3,401,401,401,0.009103,1.000000,1.000000,1.000000
14263,14254,cc(c)N1COc2cccc(o)c2C1,4,cc(c)N1COc(c)c(c(c)o)C1,3,276,276,276,0.006552,1.000000,1.000000,1.000000
14260,14237,CC(N)C(O)C(C)O,2,CC1OC(CO)C(O)C1N,3,276,276,276,0.006552,1.000000,1.000000,1.000000
10281,10271,CCCCCC=CC(O)C(COC(C)O)NC(=O)CC,6,CCCCC=CC(O)C(COC(OC)C(C)O)NC(=O)CCC,6,378,378,378,0.008643,1.000000,1.000000,1.000000
10271,10289,CCCCC=CC(O)C(COC(OC)C(C)O)NC(=O)CCC,6,CCCC=CC(O)C(COC(C)O)NC(=O)CC,5,378,378,378,0.008643,1.000000,1.000000,1.000000
10271,10286,CCCCC=CC(O)C(COC(OC)C(C)O)NC(=O)CCC,6,CCCCCCC=CC(O)C(COC)NC(C)=O,6,378,378,378,0.008643,1.000000,1.000000,1.000000
10289,10296,CCCC=CC(O)C(COC(C)O)NC(=O)CC,5,CCCCC=CC(O)C(COC)NC(C)=O,5,378,378,378,0.008643,1.000000,1.000000,1.000000
10271,10281,CCCCC=CC(O)C(COC(OC)C(C)O)NC(=O)CCC,6,CCCCCC=CC(O)C(COC(C)O)NC(=O)CC,6,378,378,378,0.008643,1.000000,1.000000,1.000000
10296,10289,CCCCC=CC(O)C(COC)NC(C)=O,5,CCCC=CC(O)C(COC(C)O)NC(=O)CC,5,378,378,378,0.008643,1.000000,1.000000,1.000000
10296,10271,CCCCC=CC(O)C(COC)NC(C)=O,5,CCCCC=CC(O)C(COC(OC)C(C)O)NC(=O)CCC,6,378,378,378,0.008643,1.000000,1.000000,1.000000
10289,10271,CCCC=CC(O)C(COC(C)O)NC(=O)CC,5,CCCCC=CC(O)C(COC(OC)C(C)O)NC(=O)CCC,6,378,378,378,0.008643,1.000000,1.000000,1.000000
10281,10289,CCCCCC=CC(O)C(COC(C)O)NC(=O)CC,6,CCCC=CC(O)C(COC(C)O)NC(=O)CC,5,378,378,378,0.008643,1.000000,1.000000,1.000000
10286,10281,CCCCCCC=CC(O)C(COC)NC(C)=O,6,CCCCCC=CC(O)C(COC(C)O)NC(=O)CC,6,378,378,378,0.008643,1.000000,1.000000,1.000000
10286,10289,CCCCCCC=CC(O)C(COC)NC(C)=O,6,CCCC=CC(O)C(COC(C)O)NC(=O)CC,5,378,378,378,0.008643,1.000000,1.000000,1.000000
10286,10271,CCCCCCC=CC(O)C(COC)NC(C)=O,6,CCCCC=CC(O)C(COC(OC)C(C)O)NC(=O)CCC,6,378,378,378,0.008643,1.000000,1.000000,1.000000
10286,10296,CCCCCCC=CC(O)C(COC)NC(C)=O,6,CCCCC=CC(O)C(COC)NC(C)=O,5,378,378,378,0.008643,1.000000,1.000000,1.000000
10281,10296,CCCCCC=CC(O)C(COC(C)O)NC(=O)CC,6,CCCCC=CC(O)C(COC)NC(C)=O,5,378,378,378,0.008643,1.000000,1.000000,1.000000
10271,10296,CCCCC=CC(O)C(COC(OC)C(C)O)NC(=O)CCC,6,CCCCC=CC(O)C(COC)NC(C)=O,5,378,378,378,0.008643,1.000000,1.000000,1.000000
10289,10286,CCCC=CC(O)C(COC(C)O)NC(=O)CC,5,CCCCCCC=CC(O)C(COC)NC(C)=O,6,378,378,378,0.008643,1.000000,1.000000,1.000000
14237,14260,CC1OC(CO)C(O)C1N,3,CC(N)C(O)C(C)O,2,276,276,276,0.006552,1.000000,1.000000,1.000000
10296,10286,CCCCC=CC(O)C(COC)NC(C)=O,5,CCCCCCC=CC(O)C(COC)NC(C)=O,6,378,378,378,0.008643,1.000000,1.000000,1.000000
10289,10281,CCCC=CC(O)C(COC(C)O)NC(=O)CC,5,CCCCCC=CC(O)C(COC(C)O)NC(=O)CC,6,378,378,378,0.008643,1.000000,1.000000,1.000000
14254,14263,cc(c)N1COc(c)c(c(c)o)C1,3,cc(c)N1COc2cccc(o)c2C1,4,276,276,276,0.006552,1.000000,1.000000,1.000000
10296,10281,CCCCC=CC(O)C(COC)NC(C)=O,5,CCCCCC=CC(O)C(COC(C)O)NC(=O)CC,6,378,378,378,0.008643,1.000000,1.000000,1.000000
10281,10286,CCCCCC=CC(O)C(COC(C)O)NC(=O)CC,6,CCCCCCC=CC(O)C(COC)NC(C)=O,6,378,378,378,0.008643,1.000000,1.000000,1.000000
14327,14321,C=CC(CC)=NO,2,CC1(C)C=CC(=NO)CC1,3,275,275,275,0.006531,1.000000,1.000000,1.000000
14289,14301,ccc([nH]c)c(c)c,2,ccc1[nH]ccc1c,3,275,275,275,0.006531,1.000000,1.000000,1.000000
14321,14327,CC1(C)C=CC(=NO)CC1,3,C=CC(CC)=NO,2,275,275,275,0.006531,1.000000,1.000000,1.000000
14300,14307,NC(=O)CN1CCNCC1CO,3,CN(C)C(CN)CO,2,275,275,275,0.006531,1.000000,1.000000,1.000000
14285,14320,ccc1c(c)CN(C)C2c(c)c(c)C(=O)N12,3,cc1c(c)C2N(C)C(=O)c3ccccc3N2C1=O,4,275,275,275,0.006531,1.000000,1.000000,1.000000
14300,14284,NC(=O)CN1CCNCC1CO,3,cc(c)OCC(CN)N(C)C,3,275,275,275,0.006531,1.000000,1.000000,1.000000
14321,14318,CC1(C)C=CC(=NO)CC1,3,CCC1=CC(=NO)CCC1(C)C,3,275,275,275,0.006531,1.000000,1.000000,1.000000
14282,14296,ccc1c(c)CN(C)C2c3ccccc3C(=O)N12,4,cc(c)N1C(=O)c2ccccc2C1N(C)C,4,275,275,275,0.006531,1.000000,1.000000,1.000000
14284,14297,cc(c)OCC(CN)N(C)C,3,cc(c)NC(=O)CN1CCNCC1CO,4,275,275,275,0.006531,1.000000,1.000000,1.000000
14297,14307,cc(c)NC(=O)CN1CCNCC1CO,4,CN(C)C(CN)CO,2,275,275,275,0.006531,1.000000,1.000000,1.000000
14282,14285,ccc1c(c)CN(C)C2c3ccccc3C(=O)N12,4,ccc1c(c)CN(C)C2c(c)c(c)C(=O)N12,3,275,275,275,0.006531,1.000000,1.000000,1.000000
14284,14300,cc(c)OCC(CN)N(C)C,3,NC(=O)CN1CCNCC1CO,3,275,275,275,0.006531,1.000000,1.000000,1.000000
14320,14319,cc1c(c)C2N(C)C(=O)c3ccccc3N2C1=O,4,CN(C)C1c2ccccc2C(=O)N1c,3,275,275,275,0.006531,1.000000,1.000000,1.000000
14319,14296,CN(C)C1c2ccccc2C(=O)N1c,3,cc(c)N1C(=O)c2ccccc2C1N(C)C,4,275,275,275,0.006531,1.000000,1.000000,1.000000
14319,14285,CN(C)C1c2ccccc2C(=O)N1c,3,ccc1c(c)CN(C)C2c(c)c(c)C(=O)N12,3,275,275,275,0.006531,1.000000,1.000000,1.000000
14285,14282,ccc1c(c)CN(C)C2c(c)c(c)C(=O)N12,3,ccc1c(c)CN(C)C2c3ccccc3C(=O)N12,4,275,275,275,0.006531,1.000000,1.000000,1.000000
14296,14285,cc(c)N1C(=O)c2ccccc2C1N(C)C,4,ccc1c(c)CN(C)C2c(c)c(c)C(=O)N12,3,275,275,275,0.006531,1.000000,1.000000,1.000000
14285,14296,ccc1c(c)CN(C)C2c(c)c(c)C(=O)N12,3,cc(c)N1C(=O)c2ccccc2C1N(C)C,4,275,275,275,0.006531,1.000000,1.000000,1.000000
14285,14319,ccc1c(c)CN(C)C2c(c)c(c)C(=O)N12,3,CN(C)C1c2ccccc2C(=O)N1c,3,275,275,275,0.006531,1.000000,1.000000,1.000000
14296,14319,cc(c)N1C(=O)c2ccccc2C1N(C)C,4,CN(C)C1c2ccccc2C(=O)N1c,3,275,275,275,0.006531,1.000000,1.000000,1.000000
14296,14320,cc(c)N1C(=O)c2ccccc2C1N(C)C,4,cc1c(c)C2N(C)C(=O)c3ccccc3N2C1=O,4,275,275,275,0.006531,1.000000,1.000000,1.000000
14296,14282,cc(c)N1C(=O)c2ccccc2C1N(C)C,4,ccc1c(c)CN(C)C2c3ccccc3C(=O)N12,4,275,275,275,0.006531,1.000000,1.000000,1.000000
14282,14320,ccc1c(c)CN(C)C2c3ccccc3C(=O)N12,4,cc1c(c)C2N(C)C(=O)c3ccccc3N2C1=O,4,275,275,275,0.006531,1.000000,1.000000,1.000000
14284,14307,cc(c)OCC(CN)N(C)C,3,CN(C)C(CN)CO,2,275,275,275,0.006531,1.000000,1.000000,1.000000
14297,14284,cc(c)NC(=O)CN1CCNCC1CO,4,cc(c)OCC(CN)N(C)C,3,275,275,275,0.006531,1.000000,1.000000,1.000000
14300,14297,NC(=O)CN1CCNCC1CO,3,cc(c)NC(=O)CN1CCNCC1CO,4,275,275,275,0.006531,1.000000,1.000000,1.000000
14318,14321,CCC1=CC(=NO)CCC1(C)C,3,CC1(C)C=CC(=NO)CC1,3,275,275,275,0.006531,1.000000,1.000000,1.000000
14307,14300,CN(C)C(CN)CO,2,NC(=O)CN1CCNCC1CO,3,275,275,275,0.006531,1.000000,1.000000,1.000000
14319,14320,CN(C)C1c2ccccc2C(=O)N1c,3,cc1c(c)C2N(C)C(=O)c3ccccc3N2C1=O,4,275,275,275,0.006531,1.000000,1.000000,1.000000
14307,14297,CN(C)C(CN)CO,2,cc(c)NC(=O)CN1CCNCC1CO,4,275,275,275,0.006531,1.000000,1.000000,1.000000
14307,14284,CN(C)C(CN)CO,2,cc(c)OCC(CN)N(C)C,3,275,275,275,0.006531,1.000000,1.000000,1.000000
14320,14282,cc1c(c)C2N(C)C(=O)c3ccccc3N2C1=O,4,ccc1c(c)CN(C)C2c3ccccc3C(=O)N12,4,275,275,275,0.006531,1.000000,1.000000,1.000000
14320,14285,cc1c(c)C2N(C)C(=O)c3ccccc3N2C1=O,4,ccc1c(c)CN(C)C2c(c)c(c)C(=O)N12,3,275,275,275,0.006531,1.000000,1.000000,1.000000
14320,14296,cc1c(c)C2N(C)C(=O)c3ccccc3N2C1=O,4,cc(c)N1C(=O)c2ccccc2C1N(C)C,4,275,275,275,0.006531,1.000000,1.000000,1.000000
14319,14282,CN(C)C1c2ccccc2C(=O)N1c,3,ccc1c(c)CN(C)C2c3ccccc3C(=O)N12,4,275,275,275,0.006531,1.000000,1.000000,1.000000
14327,14318,C=CC(CC)=NO,2,CCC1=CC(=NO)CCC1(C)C,3,275,275,275,0.006531,1.000000,1.000000,1.000000
14301,14289,ccc1[nH]ccc1c,3,ccc([nH]c)c(c)c,2,275,275,275,0.006531,1.000000,1.000000,1.000000
14282,14319,ccc1c(c)CN(C)C2c3ccccc3C(=O)N12,4,CN(C)C1c2ccccc2C(=O)N1c,3,275,275,275,0.006531,1.000000,1.000000,1.000000
14318,14327,CCC1=CC(=NO)CCC1(C)C,3,C=CC(CC)=NO,2,275,275,275,0.006531,1.000000,1.000000,1.000000
14297,14300,cc(c)NC(=O)CN1CCNCC1CO,4,NC(=O)CN1CCNCC1CO,3,275,275,275,0.006531,1.000000,1.000000,1.000000
9119,9122,CNc1ccc2n(c1=O)CC1CNCC2C1,4,CNc1ccc2n(c1=O)CCCC2CN,4,424,424,424,0.009560,1.000000,1.000000,1.000000
9191,9201,CCCCOC(COC(=O)CC)COC(=O)CCCC,6,CCCCC(=O)OCC(COC)OCC,5,420,420,420,0.009481,1.000000,1.000000,1.000000
10359,10369,ccsc(c)S,2,cccc(s)S,2,375,375,375,0.008583,1.000000,1.000000,1.000000
9201,9191,CCCCC(=O)OCC(COC)OCC,5,CCCCOC(COC(=O)CC)COC(=O)CCCC,6,420,420,420,0.009481,1.000000,1.000000,1.000000
10369,10347,cccc(s)S,2,Sc1cccs1,3,375,375,375,0.008583,1.000000,1.000000,1.000000
10369,10359,cccc(s)S,2,ccsc(c)S,2,375,375,375,0.008583,1.000000,1.000000,1.000000
10359,10347,ccsc(c)S,2,Sc1cccs1,3,375,375,375,0.008583,1.000000,1.000000,1.000000
10347,10359,Sc1cccs1,3,ccsc(c)S,2,375,375,375,0.008583,1.000000,1.000000,1.000000
10347,10369,Sc1cccs1,3,cccc(s)S,2,375,375,375,0.008583,1.000000,1.000000,1.000000
9107,9114,CC=C1Oc2c(C(C)=O)c(O)c(C)c(O)c2C1(C)C(C)=O,4,C=C1Oc2c(C(C)=O)c(O)c(C)c(O)c2C1(C)C(C)=O,5,424,424,424,0.009560,1.000000,1.000000,1.000000
9122,9119,CNc1ccc2n(c1=O)CCCC2CN,4,CNc1ccc2n(c1=O)CC1CNCC2C1,4,424,424,424,0.009560,1.000000,1.000000,1.000000
9114,9107,C=C1Oc2c(C(C)=O)c(O)c(C)c(O)c2C1(C)C(C)=O,5,CC=C1Oc2c(C(C)=O)c(O)c(C)c(O)c2C1(C)C(C)=O,4,424,424,424,0.009560,1.000000,1.000000,1.000000
12121,12118,ccc1c(c)NC(c)N(CC)C1=O,3,CCN(C(c)=O)C(c)N,2,322,322,322,0.007506,1.000000,1.000000,1.000000
12125,12099,C=C(C)C(CC)C(C)O,2,C=C1C(=O)OC(C)C1CC,3,322,322,322,0.007506,1.000000,1.000000,1.000000
12116,12101,CCC1C(C)(C)CCC(OC)C1(C)C=O,3,CC(O)OC1CCCC(C)C1(C)C=O,3,322,322,322,0.007506,1.000000,1.000000,1.000000
12099,12125,C=C1C(=O)OC(C)C1CC,3,C=C(C)C(CC)C(C)O,2,322,322,322,0.007506,1.000000,1.000000,1.000000
12118,12121,CCN(C(c)=O)C(c)N,2,ccc1c(c)NC(c)N(CC)C1=O,3,322,322,322,0.007506,1.000000,1.000000,1.000000
12101,12116,CC(O)OC1CCCC(C)C1(C)C=O,3,CCC1C(C)(C)CCC(OC)C1(C)C=O,3,322,322,322,0.007506,1.000000,1.000000,1.000000
10901,10906,cc(o)CC(C)C,2,CC(C)C(O)CO,2,356,356,356,0.008200,1.000000,1.000000,1.000000
10894,10902,ccc(c(c)C)C(C)C,2,Cc1ccccc1C(C)C,3,356,356,356,0.008200,1.000000,1.000000,1.000000
10902,10894,Cc1ccccc1C(C)C,3,ccc(c(c)C)C(C)C,2,356,356,356,0.008200,1.000000,1.000000,1.000000
10906,10901,CC(C)C(O)CO,2,cc(o)CC(C)C,2,356,356,356,0.008200,1.000000,1.000000,1.000000
10887,10891,cC1COCCN1,3,COCC(c)N,2,356,356,356,0.008200,1.000000,1.000000,1.000000
10891,10887,COCC(c)N,2,cC1COCCN1,3,356,356,356,0.008200,1.000000,1.000000,1.000000
15807,15853,Cc1ccoc1,3,cocc(c)C,2,250,250,250,0.006004,1.000000,1.000000,1.000000
15833,15845,cc(O)c(c(n)=O)C(C)c,2,Cc1cc(O)c(C(C)c)c(=O)n1,3,250,250,250,0.006004,1.000000,1.000000,1.000000
15828,15855,CCc1c(C)[nH]c2ccc(O)cc12,3,CCc1c(C)[nH]c2ccc(OC)cc12,4,250,250,250,0.006004,1.000000,1.000000,1.000000
15815,15814,CC=C1OC(=C2OC(=O)C(C)=C2OC)C(CO)C1C(C)N,4,CC=C1OC(=C2OC(=O)C(CO)=C2OC)C(CO)C1C(C)N,5,250,250,250,0.006004,1.000000,1.000000,1.000000
15853,15807,cocc(c)C,2,Cc1ccoc1,3,250,250,250,0.006004,1.000000,1.000000,1.000000
15850,15844,ccc(CC)[nH]c,2,CCc1ccc[nH]1,3,250,250,250,0.006004,1.000000,1.000000,1.000000
15867,15815,CC=C1OC(=C(C)O)C(C)C1C,3,CC=C1OC(=C2OC(=O)C(C)=C2OC)C(CO)C1C(C)N,4,250,250,250,0.006004,1.000000,1.000000,1.000000
15867,15814,CC=C1OC(=C(C)O)C(C)C1C,3,CC=C1OC(=C2OC(=O)C(CO)=C2OC)C(CO)C1C(C)N,5,250,250,250,0.006004,1.000000,1.000000,1.000000
15838,15843,C=C(C(=O)NC(C)C(=O)NC)N(C)C(=O)CCC(C)N,6,C=C(C(=O)NC(C)C(=O)NC)N(C)C(=O)CC,5,250,250,250,0.006004,1.000000,1.000000,1.000000
15838,15866,C=C(C(=O)NC(C)C(=O)NC)N(C)C(=O)CCC(C)N,6,C=C(C(=O)NC(C)C(N)=O)N(C)C(=O)CCC,5,250,250,250,0.006004,1.000000,1.000000,1.000000
15839,15838,C=C(C(=O)NC(C)C(N)=O)N(C)C(C)=O,4,C=C(C(=O)NC(C)C(=O)NC)N(C)C(=O)CCC(C)N,6,250,250,250,0.006004,1.000000,1.000000,1.000000
15839,15843,C=C(C(=O)NC(C)C(N)=O)N(C)C(C)=O,4,C=C(C(=O)NC(C)C(=O)NC)N(C)C(=O)CC,5,250,250,250,0.006004,1.000000,1.000000,1.000000
15838,15839,C=C(C(=O)NC(C)C(=O)NC)N(C)C(=O)CCC(C)N,6,C=C(C(=O)NC(C)C(N)=O)N(C)C(C)=O,4,250,250,250,0.006004,1.000000,1.000000,1.000000
15866,15839,C=C(C(=O)NC(C)C(N)=O)N(C)C(=O)CCC,5,C=C(C(=O)NC(C)C(N)=O)N(C)C(C)=O,4,250,250,250,0.006004,1.000000,1.000000,1.000000
15855,15828,CCc1c(C)[nH]c2ccc(OC)cc12,4,CCc1c(C)[nH]c2ccc(O)cc12,3,250,250,250,0.006004,1.000000,1.000000,1.000000
15843,15866,C=C(C(=O)NC(C)C(=O)NC)N(C)C(=O)CC,5,C=C(C(=O)NC(C)C(N)=O)N(C)C(=O)CCC,5,250,250,250,0.006004,1.000000,1.000000,1.000000
15839,15866,C=C(C(=O)NC(C)C(N)=O)N(C)C(C)=O,4,C=C(C(=O)NC(C)C(N)=O)N(C)C(=O)CCC,5,250,250,250,0.006004,1.000000,1.000000,1.000000
15866,15838,C=C(C(=O)NC(C)C(N)=O)N(C)C(=O)CCC,5,C=C(C(=O)NC(C)C(=O)NC)N(C)C(=O)CCC(C)N,6,250,250,250,0.006004,1.000000,1.000000,1.000000
15843,15838,C=C(C(=O)NC(C)C(=O)NC)N(C)C(=O)CC,5,C=C(C(=O)NC(C)C(=O)NC)N(C)C(=O)CCC(C)N,6,250,250,250,0.006004,1.000000,1.000000,1.000000
15866,15843,C=C(C(=O)NC(C)C(N)=O)N(C)C(=O)CCC,5,C=C(C(=O)NC(C)C(=O)NC)N(C)C(=O)CC,5,250,250,250,0.006004,1.000000,1.000000,1.000000
15843,15839,C=C(C(=O)NC(C)C(=O)NC)N(C)C(=O)CC,5,C=C(C(=O)NC(C)C(N)=O)N(C)C(C)=O,4,250,250,250,0.006004,1.000000,1.000000,1.000000
15815,15867,CC=C1OC(=C2OC(=O)C(C)=C2OC)C(CO)C1C(C)N,4,CC=C1OC(=C(C)O)C(C)C1C,3,250,250,250,0.006004,1.000000,1.000000,1.000000
15814,15867,CC=C1OC(=C2OC(=O)C(CO)=C2OC)C(CO)C1C(C)N,5,CC=C1OC(=C(C)O)C(C)C1C,3,250,250,250,0.006004,1.000000,1.000000,1.000000
15814,15815,CC=C1OC(=C2OC(=O)C(CO)=C2OC)C(CO)C1C(C)N,5,CC=C1OC(=C2OC(=O)C(C)=C2OC)C(CO)C1C(C)N,4,250,250,250,0.006004,1.000000,1.000000,1.000000
15845,15833,Cc1cc(O)c(C(C)c)c(=O)n1,3,cc(O)c(c(n)=O)C(C)c,2,250,250,250,0.006004,1.000000,1.000000,1.000000
15844,15850,CCc1ccc[nH]1,3,ccc(CC)[nH]c,2,250,250,250,0.006004,1.000000,1.000000,1.000000
10866,10863,CCC1C(C)C=CN2CNCC12,3,CN1C=CC2CCCCC2C1CN,3,357,357,357,0.008220,1.000000,1.000000,1.000000
10866,10853,CCC1C(C)C=CN2CNCC12,3,C1=CN2CNCC2C2CCCCC12,4,357,357,357,0.008220,1.000000,1.000000,1.000000
9761,9767,cc(C)c(CO)c(c)c,2,COc1ccc2c(CO)c(C)coc2c1C,4,397,397,397,0.009024,1.000000,1.000000,1.000000
9748,9761,cc(C)c1oc(=O)c(C)cc1c,3,cc(C)c(CO)c(c)c,2,397,397,397,0.009024,1.000000,1.000000,1.000000
9761,9748,cc(C)c(CO)c(c)c,2,cc(C)c1oc(=O)c(C)cc1c,3,397,397,397,0.009024,1.000000,1.000000,1.000000
9761,9762,cc(C)c(CO)c(c)c,2,Cc1coc2c(C)cccc2c1CO,3,397,397,397,0.009024,1.000000,1.000000,1.000000
9762,9761,Cc1coc2c(C)cccc2c1CO,3,cc(C)c(CO)c(c)c,2,397,397,397,0.009024,1.000000,1.000000,1.000000
9762,9767,Cc1coc2c(C)cccc2c1CO,3,COc1ccc2c(CO)c(C)coc2c1C,4,397,397,397,0.009024,1.000000,1.000000,1.000000
9748,9762,cc(C)c1oc(=O)c(C)cc1c,3,Cc1coc2c(C)cccc2c1CO,3,397,397,397,0.009024,1.000000,1.000000,1.000000
9748,9767,cc(C)c1oc(=O)c(C)cc1c,3,COc1ccc2c(CO)c(C)coc2c1C,4,397,397,397,0.009024,1.000000,1.000000,1.000000
9767,9748,COc1ccc2c(CO)c(C)coc2c1C,4,cc(C)c1oc(=O)c(C)cc1c,3,397,397,397,0.009024,1.000000,1.000000,1.000000
9767,9762,COc1ccc2c(CO)c(C)coc2c1C,4,Cc1coc2c(C)cccc2c1CO,3,397,397,397,0.009024,1.000000,1.000000,1.000000
9763,9765,CNC(C)(C)C(N)=O,2,CN(C)C(=O)C(C)(C)N,2,397,397,397,0.009024,1.000000,1.000000,1.000000
9767,9761,COc1ccc2c(CO)c(C)coc2c1C,4,cc(C)c(CO)c(c)c,2,397,397,397,0.009024,1.000000,1.000000,1.000000
10853,10863,C1=CN2CNCC2C2CCCCC12,4,CN1C=CC2CCCCC2C1CN,3,357,357,357,0.008220,1.000000,1.000000,1.000000
10863,10853,CN1C=CC2CCCCC2C1CN,3,C1=CN2CNCC2C2CCCCC12,4,357,357,357,0.008220,1.000000,1.000000,1.000000
10863,10866,CN1C=CC2CCCCC2C1CN,3,CCC1C(C)C=CN2CNCC12,3,357,357,357,0.008220,1.000000,1.000000,1.000000
10853,10866,C1=CN2CNCC2C2CCCCC12,4,CCC1C(C)C=CN2CNCC12,3,357,357,357,0.008220,1.000000,1.000000,1.000000
9765,9763,CN(C)C(=O)C(C)(C)N,2,CNC(C)(C)C(N)=O,2,397,397,397,0.009024,1.000000,1.000000,1.000000
9762,9748,Cc1coc2c(C)cccc2c1CO,3,cc(C)c1oc(=O)c(C)cc1c,3,397,397,397,0.009024,1.000000,1.000000,1.000000
10527,10526,CC1=CCC(O)(C(C)(C)O)C(C)C1,3,CCC(O)(C(C)C)C(C)(C)O,2,369,369,369,0.008462,1.000000,1.000000,1.000000
10526,10527,CCC(O)(C(C)C)C(C)(C)O,2,CC1=CCC(O)(C(C)(C)O)C(C)C1,3,369,369,369,0.008462,1.000000,1.000000,1.000000
10521,10509,C=CC(NC)C(C)C(=O)NC(CCC(N)=O)C(=O)O,5,CC(C)C(=O)NC(CCC(N)=O)C(=O)O,4,369,369,369,0.008462,1.000000,1.000000,1.000000
10521,10507,C=CC(NC)C(C)C(=O)NC(CCC(N)=O)C(=O)O,5,CNC(CCC(N)=O)C(=O)O,3,369,369,369,0.008462,1.000000,1.000000,1.000000
10509,10507,CC(C)C(=O)NC(CCC(N)=O)C(=O)O,4,CNC(CCC(N)=O)C(=O)O,3,369,369,369,0.008462,1.000000,1.000000,1.000000
10509,10521,CC(C)C(=O)NC(CCC(N)=O)C(=O)O,4,C=CC(NC)C(C)C(=O)NC(CCC(N)=O)C(=O)O,5,369,369,369,0.008462,1.000000,1.000000,1.000000
10507,10521,CNC(CCC(N)=O)C(=O)O,3,C=CC(NC)C(C)C(=O)NC(CCC(N)=O)C(=O)O,5,369,369,369,0.008462,1.000000,1.000000,1.000000
10507,10509,CNC(CCC(N)=O)C(=O)O,3,CC(C)C(=O)NC(CCC(N)=O)C(=O)O,4,369,369,369,0.008462,1.000000,1.000000,1.000000
16054,16046,ccc(cc)C1c([nH]c)c(c)CC(C)N1C(C)=O,3,ccc(cc)C1c2[nH]c3ccccc3c2CC(C)N1C(C)=O,5,247,247,247,0.005940,1.000000,1.000000,1.000000
16054,16044,ccc(cc)C1c([nH]c)c(c)CC(C)N1C(C)=O,3,ccc(cc)C1c2[nH]c(cc)c(cc)c2CC(C)N1C(C)=O,4,247,247,247,0.005940,1.000000,1.000000,1.000000
16076,16065,cc(c)-c1nccc2c1[nH]c1ccccc12,4,cc(c)-c1nccc2c1[nH]c(c)c2c,3,247,247,247,0.005940,1.000000,1.000000,1.000000
16065,16024,cc(c)-c1nccc2c1[nH]c(c)c2c,3,cc(c)-c1nc(C)cc2c1[nH]c1ccccc12,5,247,247,247,0.005940,1.000000,1.000000,1.000000
16057,16091,cc(-c)c(c(c)O)C(C)(C)C,2,c-c1ccc2c(c1C(C)(C)C)OC(c)C2C,3,247,247,247,0.005940,1.000000,1.000000,1.000000
16057,16082,cc(-c)c(c(c)O)C(C)(C)C,2,cc(O)c1c(c)CC(C)(C)c2c(O)cccc2-1,3,247,247,247,0.005940,1.000000,1.000000,1.000000
16057,16077,cc(-c)c(c(c)O)C(C)(C)C,2,CCc1cc(O)ccc1-c,3,247,247,247,0.005940,1.000000,1.000000,1.000000
16057,16053,cc(-c)c(c(c)O)C(C)(C)C,2,cc(O)c1c(c)CC(C)(C)c2c-1ccc(C(C)C)c2O,4,247,247,247,0.005940,1.000000,1.000000,1.000000
16053,16057,cc(O)c1c(c)CC(C)(C)c2c-1ccc(C(C)C)c2O,4,cc(-c)c(c(c)O)C(C)(C)C,2,247,247,247,0.005940,1.000000,1.000000,1.000000
16053,16074,cc(O)c1c(c)CC(C)(C)c2c-1ccc(C(C)C)c2O,4,cc1cC(C)(C)Cc2cc(O)cc(O)c2-1,3,247,247,247,0.005940,1.000000,1.000000,1.000000
16057,16074,cc(-c)c(c(c)O)C(C)(C)C,2,cc1cC(C)(C)Cc2cc(O)cc(O)c2-1,3,247,247,247,0.005940,1.000000,1.000000,1.000000
16053,16077,cc(O)c1c(c)CC(C)(C)c2c-1ccc(C(C)C)c2O,4,CCc1cc(O)ccc1-c,3,247,247,247,0.005940,1.000000,1.000000,1.000000
16053,16082,cc(O)c1c(c)CC(C)(C)c2c-1ccc(C(C)C)c2O,4,cc(O)c1c(c)CC(C)(C)c2c(O)cccc2-1,3,247,247,247,0.005940,1.000000,1.000000,1.000000
16077,16082,CCc1cc(O)ccc1-c,3,cc(O)c1c(c)CC(C)(C)c2c(O)cccc2-1,3,247,247,247,0.005940,1.000000,1.000000,1.000000
16077,16091,CCc1cc(O)ccc1-c,3,c-c1ccc2c(c1C(C)(C)C)OC(c)C2C,3,247,247,247,0.005940,1.000000,1.000000,1.000000
16078,16028,CCN(CC)C(C)C,2,CCN1CC=CCC1C,3,247,247,247,0.005940,1.000000,1.000000,1.000000
16082,16053,cc(O)c1c(c)CC(C)(C)c2c(O)cccc2-1,3,cc(O)c1c(c)CC(C)(C)c2c-1ccc(C(C)C)c2O,4,247,247,247,0.005940,1.000000,1.000000,1.000000
16082,16077,cc(O)c1c(c)CC(C)(C)c2c(O)cccc2-1,3,CCc1cc(O)ccc1-c,3,247,247,247,0.005940,1.000000,1.000000,1.000000
16044,16046,ccc(cc)C1c2[nH]c(cc)c(cc)c2CC(C)N1C(C)=O,4,ccc(cc)C1c2[nH]c3ccccc3c2CC(C)N1C(C)=O,5,247,247,247,0.005940,1.000000,1.000000,1.000000
16044,16054,ccc(cc)C1c2[nH]c(cc)c(cc)c2CC(C)N1C(C)=O,4,ccc(cc)C1c([nH]c)c(c)CC(C)N1C(C)=O,3,247,247,247,0.005940,1.000000,1.000000,1.000000
16082,16091,cc(O)c1c(c)CC(C)(C)c2c(O)cccc2-1,3,c-c1ccc2c(c1C(C)(C)C)OC(c)C2C,3,247,247,247,0.005940,1.000000,1.000000,1.000000
16022,16040,ccc(cc)CC(C(N)=O)N(C)C,3,cCC(C(N)=O)N(C)C,2,247,247,247,0.005940,1.000000,1.000000,1.000000
16040,16022,cCC(C(N)=O)N(C)C,2,ccc(cc)CC(C(N)=O)N(C)C,3,247,247,247,0.005940,1.000000,1.000000,1.000000
16028,16078,CCN1CC=CCC1C,3,CCN(CC)C(C)C,2,247,247,247,0.005940,1.000000,1.000000,1.000000
16074,16082,cc1cC(C)(C)Cc2cc(O)cc(O)c2-1,3,cc(O)c1c(c)CC(C)(C)c2c(O)cccc2-1,3,247,247,247,0.005940,1.000000,1.000000,1.000000
16074,16077,cc1cC(C)(C)Cc2cc(O)cc(O)c2-1,3,CCc1cc(O)ccc1-c,3,247,247,247,0.005940,1.000000,1.000000,1.000000
16046,16044,ccc(cc)C1c2[nH]c3ccccc3c2CC(C)N1C(C)=O,5,ccc(cc)C1c2[nH]c(cc)c(cc)c2CC(C)N1C(C)=O,4,247,247,247,0.005940,1.000000,1.000000,1.000000
16046,16054,ccc(cc)C1c2[nH]c3ccccc3c2CC(C)N1C(C)=O,5,ccc(cc)C1c([nH]c)c(c)CC(C)N1C(C)=O,3,247,247,247,0.005940,1.000000,1.000000,1.000000
16024,16076,cc(c)-c1nc(C)cc2c1[nH]c1ccccc12,5,cc(c)-c1nccc2c1[nH]c1ccccc12,4,247,247,247,0.005940,1.000000,1.000000,1.000000
16024,16065,cc(c)-c1nc(C)cc2c1[nH]c1ccccc12,5,cc(c)-c1nccc2c1[nH]c(c)c2c,3,247,247,247,0.005940,1.000000,1.000000,1.000000
16091,16082,c-c1ccc2c(c1C(C)(C)C)OC(c)C2C,3,cc(O)c1c(c)CC(C)(C)c2c(O)cccc2-1,3,247,247,247,0.005940,1.000000,1.000000,1.000000
16091,16077,c-c1ccc2c(c1C(C)(C)C)OC(c)C2C,3,CCc1cc(O)ccc1-c,3,247,247,247,0.005940,1.000000,1.000000,1.000000
16091,16057,c-c1ccc2c(c1C(C)(C)C)OC(c)C2C,3,cc(-c)c(c(c)O)C(C)(C)C,2,247,247,247,0.005940,1.000000,1.000000,1.000000
16091,16074,c-c1ccc2c(c1C(C)(C)C)OC(c)C2C,3,cc1cC(C)(C)Cc2cc(O)cc(O)c2-1,3,247,247,247,0.005940,1.000000,1.000000,1.000000
16065,16076,cc(c)-c1nccc2c1[nH]c(c)c2c,3,cc(c)-c1nccc2c1[nH]c1ccccc12,4,247,247,247,0.005940,1.000000,1.000000,1.000000
16069,16087,Cn1ccc(O)nc1=O,3,Cn1ccc(O)nc1,3,247,247,247,0.005940,1.000000,1.000000,1.000000
16074,16053,cc1cC(C)(C)Cc2cc(O)cc(O)c2-1,3,cc(O)c1c(c)CC(C)(C)c2c-1ccc(C(C)C)c2O,4,247,247,247,0.005940,1.000000,1.000000,1.000000
16074,16057,cc1cC(C)(C)Cc2cc(O)cc(O)c2-1,3,cc(-c)c(c(c)O)C(C)(C)C,2,247,247,247,0.005940,1.000000,1.000000,1.000000
9625,9622,CCc1c(C(C)(C)N)[nH]c2ccccc12,4,ccc1c2c([nH]c1c)C(C)(C)NCC2,3,403,403,403,0.009143,1.000000,1.000000,1.000000
9615,9625,CN1CCc2c([nH]c3ccccc23)C1(C)C(N)=O,4,CCc1c(C(C)(C)N)[nH]c2ccccc12,4,403,403,403,0.009143,1.000000,1.000000,1.000000
9625,9623,CCc1c(C(C)(C)N)[nH]c2ccccc12,4,CC1(C)NCCc2c1[nH]c1ccccc21,4,403,403,403,0.009143,1.000000,1.000000,1.000000
9615,9623,CN1CCc2c([nH]c3ccccc23)C1(C)C(N)=O,4,CC1(C)NCCc2c1[nH]c1ccccc21,4,403,403,403,0.009143,1.000000,1.000000,1.000000
9622,9615,ccc1c2c([nH]c1c)C(C)(C)NCC2,3,CN1CCc2c([nH]c3ccccc23)C1(C)C(N)=O,4,403,403,403,0.009143,1.000000,1.000000,1.000000
9615,9622,CN1CCc2c([nH]c3ccccc23)C1(C)C(N)=O,4,ccc1c2c([nH]c1c)C(C)(C)NCC2,3,403,403,403,0.009143,1.000000,1.000000,1.000000
9622,9623,ccc1c2c([nH]c1c)C(C)(C)NCC2,3,CC1(C)NCCc2c1[nH]c1ccccc21,4,403,403,403,0.009143,1.000000,1.000000,1.000000
9623,9622,CC1(C)NCCc2c1[nH]c1ccccc21,4,ccc1c2c([nH]c1c)C(C)(C)NCC2,3,403,403,403,0.009143,1.000000,1.000000,1.000000
9622,9625,ccc1c2c([nH]c1c)C(C)(C)NCC2,3,CCc1c(C(C)(C)N)[nH]c2ccccc12,4,403,403,403,0.009143,1.000000,1.000000,1.000000
9623,9615,CC1(C)NCCc2c1[nH]c1ccccc21,4,CN1CCc2c([nH]c3ccccc23)C1(C)C(N)=O,4,403,403,403,0.009143,1.000000,1.000000,1.000000
9623,9625,CC1(C)NCCc2c1[nH]c1ccccc21,4,CCc1c(C(C)(C)N)[nH]c2ccccc12,4,403,403,403,0.009143,1.000000,1.000000,1.000000
9625,9615,CCc1c(C(C)(C)N)[nH]c2ccccc12,4,CN1CCc2c([nH]c3ccccc23)C1(C)C(N)=O,4,403,403,403,0.009143,1.000000,1.000000,1.000000
16053,16091,cc(O)c1c(c)CC(C)(C)c2c-1ccc(C(C)C)c2O,4,c-c1ccc2c(c1C(C)(C)C)OC(c)C2C,3,247,247,247,0.005940,1.000000,1.000000,1.000000
16074,16091,cc1cC(C)(C)Cc2cc(O)cc(O)c2-1,3,c-c1ccc2c(c1C(C)(C)C)OC(c)C2C,3,247,247,247,0.005940,1.000000,1.000000,1.000000
16077,16053,CCc1cc(O)ccc1-c,3,cc(O)c1c(c)CC(C)(C)c2c-1ccc(C(C)C)c2O,4,247,247,247,0.005940,1.000000,1.000000,1.000000
16077,16057,CCc1cc(O)ccc1-c,3,cc(-c)c(c(c)O)C(C)(C)C,2,247,247,247,0.005940,1.000000,1.000000,1.000000
16088,16101,CNC(CO)C(C)O,2,CNC1COC(C)C1O,3,247,247,247,0.005940,1.000000,1.000000,1.000000
16091,16053,c-c1ccc2c(c1C(C)(C)C)OC(c)C2C,3,cc(O)c1c(c)CC(C)(C)c2c-1ccc(C(C)C)c2O,4,247,247,247,0.005940,1.000000,1.000000,1.000000
16077,16074,CCc1cc(O)ccc1-c,3,cc1cC(C)(C)Cc2cc(O)cc(O)c2-1,3,247,247,247,0.005940,1.000000,1.000000,1.000000
16087,16069,Cn1ccc(O)nc1,3,Cn1ccc(O)nc1=O,3,247,247,247,0.005940,1.000000,1.000000,1.000000
16076,16024,cc(c)-c1nccc2c1[nH]c1ccccc12,4,cc(c)-c1nc(C)cc2c1[nH]c1ccccc12,5,247,247,247,0.005940,1.000000,1.000000,1.000000
16082,16074,cc(O)c1c(c)CC(C)(C)c2c(O)cccc2-1,3,cc1cC(C)(C)Cc2cc(O)cc(O)c2-1,3,247,247,247,0.005940,1.000000,1.000000,1.000000
16082,16057,cc(O)c1c(c)CC(C)(C)c2c(O)cccc2-1,3,cc(-c)c(c(c)O)C(C)(C)C,2,247,247,247,0.005940,1.000000,1.000000,1.000000
16101,16088,CNC1COC(C)C1O,3,CNC(CO)C(C)O,2,247,247,247,0.005940,1.000000,1.000000,1.000000
12744,12743,cc(C)c1cc(c(c)C)c(o)cc1o,3,cc(C)c1cc2c(C)c(C)oc2cc1o,4,306,306,306,0.007177,1.000000,1.000000,1.000000
12743,12751,cc(C)c1cc2c(C)c(C)oc2cc1o,4,Cc1oc2cc3oc(=O)cc(C)c3cc2c1C,4,306,306,306,0.007177,1.000000,1.000000,1.000000
12743,12744,cc(C)c1cc2c(C)c(C)oc2cc1o,4,cc(C)c1cc(c(c)C)c(o)cc1o,3,306,306,306,0.007177,1.000000,1.000000,1.000000
12744,12751,cc(C)c1cc(c(c)C)c(o)cc1o,3,Cc1oc2cc3oc(=O)cc(C)c3cc2c1C,4,306,306,306,0.007177,1.000000,1.000000,1.000000
15152,15113,C=C(C)C(CC)(C(=C)O)C(C)C,2,C=C(O)C12CCC(C=C1C)CC2C,3,261,261,261,0.006237,1.000000,1.000000,1.000000
15124,15125,CC1NCCc2cc3c(c(O)c21)OCO3,4,CC1c2c(O)cc(O)cc2CCN1C,4,261,261,261,0.006237,1.000000,1.000000,1.000000
12751,12743,Cc1oc2cc3oc(=O)cc(C)c3cc2c1C,4,cc(C)c1cc2c(C)c(C)oc2cc1o,4,306,306,306,0.007177,1.000000,1.000000,1.000000
15124,15104,CC1NCCc2cc3c(c(O)c21)OCO3,4,CC1NCCc2cc(O)cc(O)c21,3,261,261,261,0.006237,1.000000,1.000000,1.000000
15104,15125,CC1NCCc2cc(O)cc(O)c21,3,CC1c2c(O)cc(O)cc2CCN1C,4,261,261,261,0.006237,1.000000,1.000000,1.000000
15104,15124,CC1NCCc2cc(O)cc(O)c21,3,CC1NCCc2cc3c(c(O)c21)OCO3,4,261,261,261,0.006237,1.000000,1.000000,1.000000
15125,15124,CC1c2c(O)cc(O)cc2CCN1C,4,CC1NCCc2cc3c(c(O)c21)OCO3,4,261,261,261,0.006237,1.000000,1.000000,1.000000
15113,15152,C=C(O)C12CCC(C=C1C)CC2C,3,C=C(C)C(CC)(C(=C)O)C(C)C,2,261,261,261,0.006237,1.000000,1.000000,1.000000
12751,12744,Cc1oc2cc3oc(=O)cc(C)c3cc2c1C,4,cc(C)c1cc(c(c)C)c(o)cc1o,3,306,306,306,0.007177,1.000000,1.000000,1.000000
15125,15104,CC1c2c(O)cc(O)cc2CCN1C,4,CC1NCCc2cc(O)cc(O)c21,3,261,261,261,0.006237,1.000000,1.000000,1.000000
11294,11296,cc(c)-c1ccc(NC(C)=O)c(C(N)=O)c1,4,cc(c)-c1ccc(N)c(C(N)=O)c1,3,344,344,344,0.007956,1.000000,1.000000,1.000000
11310,11285,COC1C(O)COC(OC2C(C)OC(O)C(O)C2O)C1O,5,CC(O)OC1C(O)COC(OC2C(C)OCC(O)C2O)C1O,5,344,344,344,0.007956,1.000000,1.000000,1.000000
13853,13866,cc1c(c)C(CO)c2ccccc2-1,3,cc(c)C(CO)c(c)c,2,283,283,283,0.006699,1.000000,1.000000,1.000000
13854,13866,OCC1c2ccccc2-c2ccccc21,4,cc(c)C(CO)c(c)c,2,283,283,283,0.006699,1.000000,1.000000,1.000000
11296,11294,cc(c)-c1ccc(N)c(C(N)=O)c1,3,cc(c)-c1ccc(NC(C)=O)c(C(N)=O)c1,4,344,344,344,0.007956,1.000000,1.000000,1.000000
13854,13853,OCC1c2ccccc2-c2ccccc21,4,cc1c(c)C(CO)c2ccccc2-1,3,283,283,283,0.006699,1.000000,1.000000,1.000000
13867,13864,cOCC(C)N,2,CN(C)CC(N)=O,2,283,283,283,0.006699,1.000000,1.000000,1.000000
13864,13847,CN(C)CC(N)=O,2,CCN(CC(=O)Nc)C(C)C,3,283,283,283,0.006699,1.000000,1.000000,1.000000
13858,13860,COc1cc(c(n)=O)c(n)cc1O,3,COc1cc(n)c(c(n)=O)cc1OC,4,283,283,283,0.006699,1.000000,1.000000,1.000000
13818,13867,cc(c)NC(=O)CN(C)C,3,cOCC(C)N,2,283,283,283,0.006699,1.000000,1.000000,1.000000
13860,13858,COc1cc(n)c(c(n)=O)cc1OC,4,COc1cc(c(n)=O)c(n)cc1O,3,283,283,283,0.006699,1.000000,1.000000,1.000000
13818,13857,cc(c)NC(=O)CN(C)C,3,ccc(OCC(C)N)c(c)N,3,283,283,283,0.006699,1.000000,1.000000,1.000000
13818,13847,cc(c)NC(=O)CN(C)C,3,CCN(CC(=O)Nc)C(C)C,3,283,283,283,0.006699,1.000000,1.000000,1.000000
13867,13857,cOCC(C)N,2,ccc(OCC(C)N)c(c)N,3,283,283,283,0.006699,1.000000,1.000000,1.000000
13864,13867,CN(C)CC(N)=O,2,cOCC(C)N,2,283,283,283,0.006699,1.000000,1.000000,1.000000
13866,13854,cc(c)C(CO)c(c)c,2,OCC1c2ccccc2-c2ccccc21,4,283,283,283,0.006699,1.000000,1.000000,1.000000
13847,13867,CCN(CC(=O)Nc)C(C)C,3,cOCC(C)N,2,283,283,283,0.006699,1.000000,1.000000,1.000000
13847,13864,CCN(CC(=O)Nc)C(C)C,3,CN(C)CC(N)=O,2,283,283,283,0.006699,1.000000,1.000000,1.000000
13866,13853,cc(c)C(CO)c(c)c,2,cc1c(c)C(CO)c2ccccc2-1,3,283,283,283,0.006699,1.000000,1.000000,1.000000
13864,13857,CN(C)CC(N)=O,2,ccc(OCC(C)N)c(c)N,3,283,283,283,0.006699,1.000000,1.000000,1.000000
11285,11310,CC(O)OC1C(O)COC(OC2C(C)OCC(O)C2O)C1O,5,COC1C(O)COC(OC2C(C)OC(O)C(O)C2O)C1O,5,344,344,344,0.007956,1.000000,1.000000,1.000000
13857,13847,ccc(OCC(C)N)c(c)N,3,CCN(CC(=O)Nc)C(C)C,3,283,283,283,0.006699,1.000000,1.000000,1.000000
13857,13864,ccc(OCC(C)N)c(c)N,3,CN(C)CC(N)=O,2,283,283,283,0.006699,1.000000,1.000000,1.000000
13857,13867,ccc(OCC(C)N)c(c)N,3,cOCC(C)N,2,283,283,283,0.006699,1.000000,1.000000,1.000000
13867,13847,cOCC(C)N,2,CCN(CC(=O)Nc)C(C)C,3,283,283,283,0.006699,1.000000,1.000000,1.000000
13818,13864,cc(c)NC(=O)CN(C)C,3,CN(C)CC(N)=O,2,283,283,283,0.006699,1.000000,1.000000,1.000000
13853,13854,cc1c(c)C(CO)c2ccccc2-1,3,OCC1c2ccccc2-c2ccccc21,4,283,283,283,0.006699,1.000000,1.000000,1.000000
13847,13857,CCN(CC(=O)Nc)C(C)C,3,ccc(OCC(C)N)c(c)N,3,283,283,283,0.006699,1.000000,1.000000,1.000000
12278,12305,CCCCCCCCCCC(CC)OC,6,CC(O)CCCCCCCCCC(=O)O,6,317,317,317,0.007404,1.000000,1.000000,1.000000
12268,12291,C#CC#CC,2,CC#CC,2,317,317,317,0.007404,1.000000,1.000000,1.000000
10757,10766,cc(O)c1c(O)c(C)c2c(c1c)C(=O)C(C)(O)O2,4,cc(O)c1c(O)c(C)c(O)cc1c,3,360,360,360,0.008280,1.000000,1.000000,1.000000
10766,10757,cc(O)c1c(O)c(C)c(O)cc1c,3,cc(O)c1c(O)c(C)c2c(c1c)C(=O)C(C)(O)O2,4,360,360,360,0.008280,1.000000,1.000000,1.000000
7624,7634,cc(n)C(CC)(CC)Nc,2,c-n1cccc1C(C)(C)N,3,504,504,504,0.011121,1.000000,1.000000,1.000000
7614,7624,ccc1n(c)-cc(c)NC12CCNCC2,3,cc(n)C(CC)(CC)Nc,2,504,504,504,0.011121,1.000000,1.000000,1.000000
7616,7624,ccc(n(c)-c)C(C)(C)N,2,cc(n)C(CC)(CC)Nc,2,504,504,504,0.011121,1.000000,1.000000,1.000000
7614,7616,ccc1n(c)-cc(c)NC12CCNCC2,3,ccc(n(c)-c)C(C)(C)N,2,504,504,504,0.011121,1.000000,1.000000,1.000000
7634,7624,c-n1cccc1C(C)(C)N,3,cc(n)C(CC)(CC)Nc,2,504,504,504,0.011121,1.000000,1.000000,1.000000
7634,7616,c-n1cccc1C(C)(C)N,3,ccc(n(c)-c)C(C)(C)N,2,504,504,504,0.011121,1.000000,1.000000,1.000000
7634,7614,c-n1cccc1C(C)(C)N,3,ccc1n(c)-cc(c)NC12CCNCC2,3,504,504,504,0.011121,1.000000,1.000000,1.000000
7616,7614,ccc(n(c)-c)C(C)(C)N,2,ccc1n(c)-cc(c)NC12CCNCC2,3,504,504,504,0.011121,1.000000,1.000000,1.000000
7616,7634,ccc(n(c)-c)C(C)(C)N,2,c-n1cccc1C(C)(C)N,3,504,504,504,0.011121,1.000000,1.000000,1.000000
7624,7616,cc(n)C(CC)(CC)Nc,2,ccc(n(c)-c)C(C)(C)N,2,504,504,504,0.011121,1.000000,1.000000,1.000000
7624,7614,cc(n)C(CC)(CC)Nc,2,ccc1n(c)-cc(c)NC12CCNCC2,3,504,504,504,0.011121,1.000000,1.000000,1.000000
7614,7634,ccc1n(c)-cc(c)NC12CCNCC2,3,c-n1cccc1C(C)(C)N,3,504,504,504,0.011121,1.000000,1.000000,1.000000
11970,11980,CCC(OC)C(C)(C)C,2,COC1CCC(C)(C)CC1(C)C,3,326,326,326,0.007588,1.000000,1.000000,1.000000
11980,11970,COC1CCC(C)(C)CC1(C)C,3,CCC(OC)C(C)(C)C,2,326,326,326,0.007588,1.000000,1.000000,1.000000
6720,6727,COC(C=CO)C(C)C(C)O,3,C=CC(OC)C(C)C(OC)C(C)C,3,572,572,572,0.012420,1.000000,1.000000,1.000000
6727,6720,C=CC(OC)C(C)C(OC)C(C)C,3,COC(C=CO)C(C)C(C)O,3,572,572,572,0.012420,1.000000,1.000000,1.000000
10827,10840,CCN1CC(=O)N(C)CC1=O,3,cCC1C(=O)N(CC)CCN1C,3,358,358,358,0.008240,1.000000,1.000000,1.000000
10840,10827,cCC1C(=O)N(CC)CCN1C,3,CCN1CC(=O)N(C)CC1=O,3,358,358,358,0.008240,1.000000,1.000000,1.000000
14487,14459,COc1c(O)ccc2c1-c1ccc(NC(C(N)=O)C(C)C)c(=O)cc1C(NC(C)=O)CC2,6,COc1c(O)cc2c(c1OC)-c1ccc(NC(C(N)=O)C(C)C)c(=O)cc1C(NC(C)=O)CC2,6,272,272,272,0.006468,1.000000,1.000000,1.000000
12135,12146,cncn(c)C,2,cn(C)ccn,2,321,321,321,0.007486,1.000000,1.000000,1.000000
12136,12135,Cn1ccnc1,3,cncn(c)C,2,321,321,321,0.007486,1.000000,1.000000,1.000000
12136,12146,Cn1ccnc1,3,cn(C)ccn,2,321,321,321,0.007486,1.000000,1.000000,1.000000
12146,12135,cn(C)ccn,2,cncn(c)C,2,321,321,321,0.007486,1.000000,1.000000,1.000000
12146,12136,cn(C)ccn,2,Cn1ccnc1,3,321,321,321,0.007486,1.000000,1.000000,1.000000
12135,12136,cncn(c)C,2,Cn1ccnc1,3,321,321,321,0.007486,1.000000,1.000000,1.000000
14507,14467,CC(N)C(C(N)=O)N(C)C,2,CC(C)N(C)C1CCN(C)C1C(N)=O,3,272,272,272,0.006468,1.000000,1.000000,1.000000
14496,14448,CCC(OC)(OC1C(O)C(CO)OC(OC)C1O)C(=O)O,4,CC(C)OC1OC(CO)C(O)C(OC(C)(C)O)C1O,5,272,272,272,0.006468,1.000000,1.000000,1.000000
14507,14497,CC(N)C(C(N)=O)N(C)C,2,CCNC(=O)C(C(C)N)N(C)C,3,272,272,272,0.006468,1.000000,1.000000,1.000000
14507,14505,CC(N)C(C(N)=O)N(C)C,2,CCC1CNC(=O)C(N(C)C)C(C)N1C,4,272,272,272,0.006468,1.000000,1.000000,1.000000
14496,14446,CCC(OC)(OC1C(O)C(CO)OC(OC)C1O)C(=O)O,4,COC1OC(CO)C(O)C(OC)C1O,4,272,272,272,0.006468,1.000000,1.000000,1.000000
14505,14447,CCC1CNC(=O)C(N(C)C)C(C)N1C,4,CC1C(N(C)C)CCN1C,3,272,272,272,0.006468,1.000000,1.000000,1.000000
14496,14457,CCC(OC)(OC1C(O)C(CO)OC(OC)C1O)C(=O)O,4,CC(C)OC1OC(C)C(O)C(OC(C)(C)O)C1O,4,272,272,272,0.006468,1.000000,1.000000,1.000000
14505,14467,CCC1CNC(=O)C(N(C)C)C(C)N1C,4,CC(C)N(C)C1CCN(C)C1C(N)=O,3,272,272,272,0.006468,1.000000,1.000000,1.000000
14505,14497,CCC1CNC(=O)C(N(C)C)C(C)N1C,4,CCNC(=O)C(C(C)N)N(C)C,3,272,272,272,0.006468,1.000000,1.000000,1.000000
14487,14482,COc1c(O)ccc2c1-c1ccc(NC(C(N)=O)C(C)C)c(=O)cc1C(NC(C)=O)CC2,6,ccc(NC(C(N)=O)C(C)C)c(c)=O,3,272,272,272,0.006468,1.000000,1.000000,1.000000
14505,14507,CCC1CNC(=O)C(N(C)C)C(C)N1C,4,CC(N)C(C(N)=O)N(C)C,2,272,272,272,0.006468,1.000000,1.000000,1.000000
14507,14447,CC(N)C(C(N)=O)N(C)C,2,CC1C(N(C)C)CCN1C,3,272,272,272,0.006468,1.000000,1.000000,1.000000
14487,14443,COc1c(O)ccc2c1-c1ccc(NC(C(N)=O)C(C)C)c(=O)cc1C(NC(C)=O)CC2,6,cNC(C(N)=O)C(C)C,2,272,272,272,0.006468,1.000000,1.000000,1.000000
14487,14455,COc1c(O)ccc2c1-c1ccc(NC(C(N)=O)C(C)C)c(=O)cc1C(NC(C)=O)CC2,6,cc(c)-c1ccc(NC(C(N)=O)C(C)C)c(=O)cc1C(CC)NC,5,272,272,272,0.006468,1.000000,1.000000,1.000000
14497,14507,CCNC(=O)C(C(C)N)N(C)C,3,CC(N)C(C(N)=O)N(C)C,2,272,272,272,0.006468,1.000000,1.000000,1.000000
14487,14468,COc1c(O)ccc2c1-c1ccc(NC(C(N)=O)C(C)C)c(=O)cc1C(NC(C)=O)CC2,6,c-c1ccc(NC(C(N)=O)C(C)C)c(=O)cc1C,4,272,272,272,0.006468,1.000000,1.000000,1.000000
14448,14446,CC(C)OC1OC(CO)C(O)C(OC(C)(C)O)C1O,5,COC1OC(CO)C(O)C(OC)C1O,4,272,272,272,0.006468,1.000000,1.000000,1.000000
14482,14443,ccc(NC(C(N)=O)C(C)C)c(c)=O,3,cNC(C(N)=O)C(C)C,2,272,272,272,0.006468,1.000000,1.000000,1.000000
14493,14500,cc1cc(-c)nc(C(=O)NC)c1,3,ccc1c(c)[nH]c2c(-c)nc(C(=O)NC)cc21,4,272,272,272,0.006468,1.000000,1.000000,1.000000
14487,14470,COc1c(O)ccc2c1-c1ccc(NC(C(N)=O)C(C)C)c(=O)cc1C(NC(C)=O)CC2,6,cc(C)c(c(c)O)-c1ccc(NC(C(N)=O)C(C)C)c(=O)cc1C(C)N,5,272,272,272,0.006468,1.000000,1.000000,1.000000
14487,14474,COc1c(O)ccc2c1-c1ccc(NC(C(N)=O)C(C)C)c(=O)cc1C(NC(C)=O)CC2,6,CCC(C)C(Nc)C(N)=O,3,272,272,272,0.006468,1.000000,1.000000,1.000000
14482,14455,ccc(NC(C(N)=O)C(C)C)c(c)=O,3,cc(c)-c1ccc(NC(C(N)=O)C(C)C)c(=O)cc1C(CC)NC,5,272,272,272,0.006468,1.000000,1.000000,1.000000
14482,14470,ccc(NC(C(N)=O)C(C)C)c(c)=O,3,cc(C)c(c(c)O)-c1ccc(NC(C(N)=O)C(C)C)c(=O)cc1C(C)N,5,272,272,272,0.006468,1.000000,1.000000,1.000000
14482,14468,ccc(NC(C(N)=O)C(C)C)c(c)=O,3,c-c1ccc(NC(C(N)=O)C(C)C)c(=O)cc1C,4,272,272,272,0.006468,1.000000,1.000000,1.000000
14482,14459,ccc(NC(C(N)=O)C(C)C)c(c)=O,3,COc1c(O)cc2c(c1OC)-c1ccc(NC(C(N)=O)C(C)C)c(=O)cc1C(NC(C)=O)CC2,6,272,272,272,0.006468,1.000000,1.000000,1.000000
14447,14505,CC1C(N(C)C)CCN1C,3,CCC1CNC(=O)C(N(C)C)C(C)N1C,4,272,272,272,0.006468,1.000000,1.000000,1.000000
14447,14507,CC1C(N(C)C)CCN1C,3,CC(N)C(C(N)=O)N(C)C,2,272,272,272,0.006468,1.000000,1.000000,1.000000
14447,14467,CC1C(N(C)C)CCN1C,3,CC(C)N(C)C1CCN(C)C1C(N)=O,3,272,272,272,0.006468,1.000000,1.000000,1.000000
14482,14474,ccc(NC(C(N)=O)C(C)C)c(c)=O,3,CCC(C)C(Nc)C(N)=O,3,272,272,272,0.006468,1.000000,1.000000,1.000000
14482,14487,ccc(NC(C(N)=O)C(C)C)c(c)=O,3,COc1c(O)ccc2c1-c1ccc(NC(C(N)=O)C(C)C)c(=O)cc1C(NC(C)=O)CC2,6,272,272,272,0.006468,1.000000,1.000000,1.000000
14497,14447,CCNC(=O)C(C(C)N)N(C)C,3,CC1C(N(C)C)CCN1C,3,272,272,272,0.006468,1.000000,1.000000,1.000000
14497,14467,CCNC(=O)C(C(C)N)N(C)C,3,CC(C)N(C)C1CCN(C)C1C(N)=O,3,272,272,272,0.006468,1.000000,1.000000,1.000000
14497,14505,CCNC(=O)C(C(C)N)N(C)C,3,CCC1CNC(=O)C(N(C)C)C(C)N1C,4,272,272,272,0.006468,1.000000,1.000000,1.000000
14443,14459,cNC(C(N)=O)C(C)C,2,COc1c(O)cc2c(c1OC)-c1ccc(NC(C(N)=O)C(C)C)c(=O)cc1C(NC(C)=O)CC2,6,272,272,272,0.006468,1.000000,1.000000,1.000000
14500,14493,ccc1c(c)[nH]c2c(-c)nc(C(=O)NC)cc21,4,cc1cc(-c)nc(C(=O)NC)c1,3,272,272,272,0.006468,1.000000,1.000000,1.000000
14443,14455,cNC(C(N)=O)C(C)C,2,cc(c)-c1ccc(NC(C(N)=O)C(C)C)c(=O)cc1C(CC)NC,5,272,272,272,0.006468,1.000000,1.000000,1.000000
14446,14496,COC1OC(CO)C(O)C(OC)C1O,4,CCC(OC)(OC1C(O)C(CO)OC(OC)C1O)C(=O)O,4,272,272,272,0.006468,1.000000,1.000000,1.000000
14443,14468,cNC(C(N)=O)C(C)C,2,c-c1ccc(NC(C(N)=O)C(C)C)c(=O)cc1C,4,272,272,272,0.006468,1.000000,1.000000,1.000000
14443,14482,cNC(C(N)=O)C(C)C,2,ccc(NC(C(N)=O)C(C)C)c(c)=O,3,272,272,272,0.006468,1.000000,1.000000,1.000000
14443,14474,cNC(C(N)=O)C(C)C,2,CCC(C)C(Nc)C(N)=O,3,272,272,272,0.006468,1.000000,1.000000,1.000000
14443,14470,cNC(C(N)=O)C(C)C,2,cc(C)c(c(c)O)-c1ccc(NC(C(N)=O)C(C)C)c(=O)cc1C(C)N,5,272,272,272,0.006468,1.000000,1.000000,1.000000
14446,14448,COC1OC(CO)C(O)C(OC)C1O,4,CC(C)OC1OC(CO)C(O)C(OC(C)(C)O)C1O,5,272,272,272,0.006468,1.000000,1.000000,1.000000
14446,14457,COC1OC(CO)C(O)C(OC)C1O,4,CC(C)OC1OC(C)C(O)C(OC(C)(C)O)C1O,4,272,272,272,0.006468,1.000000,1.000000,1.000000
14447,14497,CC1C(N(C)C)CCN1C,3,CCNC(=O)C(C(C)N)N(C)C,3,272,272,272,0.006468,1.000000,1.000000,1.000000
14443,14487,cNC(C(N)=O)C(C)C,2,COc1c(O)ccc2c1-c1ccc(NC(C(N)=O)C(C)C)c(=O)cc1C(NC(C)=O)CC2,6,272,272,272,0.006468,1.000000,1.000000,1.000000
14474,14487,CCC(C)C(Nc)C(N)=O,3,COc1c(O)ccc2c1-c1ccc(NC(C(N)=O)C(C)C)c(=O)cc1C(NC(C)=O)CC2,6,272,272,272,0.006468,1.000000,1.000000,1.000000
14470,14482,cc(C)c(c(c)O)-c1ccc(NC(C(N)=O)C(C)C)c(=O)cc1C(C)N,5,ccc(NC(C(N)=O)C(C)C)c(c)=O,3,272,272,272,0.006468,1.000000,1.000000,1.000000
14470,14487,cc(C)c(c(c)O)-c1ccc(NC(C(N)=O)C(C)C)c(=O)cc1C(C)N,5,COc1c(O)ccc2c1-c1ccc(NC(C(N)=O)C(C)C)c(=O)cc1C(NC(C)=O)CC2,6,272,272,272,0.006468,1.000000,1.000000,1.000000
14455,14487,cc(c)-c1ccc(NC(C(N)=O)C(C)C)c(=O)cc1C(CC)NC,5,COc1c(O)ccc2c1-c1ccc(NC(C(N)=O)C(C)C)c(=O)cc1C(NC(C)=O)CC2,6,272,272,272,0.006468,1.000000,1.000000,1.000000
14457,14446,CC(C)OC1OC(C)C(O)C(OC(C)(C)O)C1O,4,COC1OC(CO)C(O)C(OC)C1O,4,272,272,272,0.006468,1.000000,1.000000,1.000000
14457,14448,CC(C)OC1OC(C)C(O)C(OC(C)(C)O)C1O,4,CC(C)OC1OC(CO)C(O)C(OC(C)(C)O)C1O,5,272,272,272,0.006468,1.000000,1.000000,1.000000
14459,14443,COc1c(O)cc2c(c1OC)-c1ccc(NC(C(N)=O)C(C)C)c(=O)cc1C(NC(C)=O)CC2,6,cNC(C(N)=O)C(C)C,2,272,272,272,0.006468,1.000000,1.000000,1.000000
14459,14455,COc1c(O)cc2c(c1OC)-c1ccc(NC(C(N)=O)C(C)C)c(=O)cc1C(NC(C)=O)CC2,6,cc(c)-c1ccc(NC(C(N)=O)C(C)C)c(=O)cc1C(CC)NC,5,272,272,272,0.006468,1.000000,1.000000,1.000000
14455,14443,cc(c)-c1ccc(NC(C(N)=O)C(C)C)c(=O)cc1C(CC)NC,5,cNC(C(N)=O)C(C)C,2,272,272,272,0.006468,1.000000,1.000000,1.000000
14448,14457,CC(C)OC1OC(CO)C(O)C(OC(C)(C)O)C1O,5,CC(C)OC1OC(C)C(O)C(OC(C)(C)O)C1O,4,272,272,272,0.006468,1.000000,1.000000,1.000000
14459,14468,COc1c(O)cc2c(c1OC)-c1ccc(NC(C(N)=O)C(C)C)c(=O)cc1C(NC(C)=O)CC2,6,c-c1ccc(NC(C(N)=O)C(C)C)c(=O)cc1C,4,272,272,272,0.006468,1.000000,1.000000,1.000000
14450,14462,cC1CC(O)CN1C,3,CN1CC(O)CC1c(n)o,3,272,272,272,0.006468,1.000000,1.000000,1.000000
14470,14459,cc(C)c(c(c)O)-c1ccc(NC(C(N)=O)C(C)C)c(=O)cc1C(C)N,5,COc1c(O)cc2c(c1OC)-c1ccc(NC(C(N)=O)C(C)C)c(=O)cc1C(NC(C)=O)CC2,6,272,272,272,0.006468,1.000000,1.000000,1.000000
14467,14447,CC(C)N(C)C1CCN(C)C1C(N)=O,3,CC1C(N(C)C)CCN1C,3,272,272,272,0.006468,1.000000,1.000000,1.000000
14467,14497,CC(C)N(C)C1CCN(C)C1C(N)=O,3,CCNC(=O)C(C(C)N)N(C)C,3,272,272,272,0.006468,1.000000,1.000000,1.000000
14467,14505,CC(C)N(C)C1CCN(C)C1C(N)=O,3,CCC1CNC(=O)C(N(C)C)C(C)N1C,4,272,272,272,0.006468,1.000000,1.000000,1.000000
14467,14507,CC(C)N(C)C1CCN(C)C1C(N)=O,3,CC(N)C(C(N)=O)N(C)C,2,272,272,272,0.006468,1.000000,1.000000,1.000000
14468,14443,c-c1ccc(NC(C(N)=O)C(C)C)c(=O)cc1C,4,cNC(C(N)=O)C(C)C,2,272,272,272,0.006468,1.000000,1.000000,1.000000
14468,14455,c-c1ccc(NC(C(N)=O)C(C)C)c(=O)cc1C,4,cc(c)-c1ccc(NC(C(N)=O)C(C)C)c(=O)cc1C(CC)NC,5,272,272,272,0.006468,1.000000,1.000000,1.000000
14470,14455,cc(C)c(c(c)O)-c1ccc(NC(C(N)=O)C(C)C)c(=O)cc1C(C)N,5,cc(c)-c1ccc(NC(C(N)=O)C(C)C)c(=O)cc1C(CC)NC,5,272,272,272,0.006468,1.000000,1.000000,1.000000
14468,14459,c-c1ccc(NC(C(N)=O)C(C)C)c(=O)cc1C,4,COc1c(O)cc2c(c1OC)-c1ccc(NC(C(N)=O)C(C)C)c(=O)cc1C(NC(C)=O)CC2,6,272,272,272,0.006468,1.000000,1.000000,1.000000
14468,14470,c-c1ccc(NC(C(N)=O)C(C)C)c(=O)cc1C,4,cc(C)c(c(c)O)-c1ccc(NC(C(N)=O)C(C)C)c(=O)cc1C(C)N,5,272,272,272,0.006468,1.000000,1.000000,1.000000
14455,14482,cc(c)-c1ccc(NC(C(N)=O)C(C)C)c(=O)cc1C(CC)NC,5,ccc(NC(C(N)=O)C(C)C)c(c)=O,3,272,272,272,0.006468,1.000000,1.000000,1.000000
14455,14474,cc(c)-c1ccc(NC(C(N)=O)C(C)C)c(=O)cc1C(CC)NC,5,CCC(C)C(Nc)C(N)=O,3,272,272,272,0.006468,1.000000,1.000000,1.000000
14474,14482,CCC(C)C(Nc)C(N)=O,3,ccc(NC(C(N)=O)C(C)C)c(c)=O,3,272,272,272,0.006468,1.000000,1.000000,1.000000
14474,14470,CCC(C)C(Nc)C(N)=O,3,cc(C)c(c(c)O)-c1ccc(NC(C(N)=O)C(C)C)c(=O)cc1C(C)N,5,272,272,272,0.006468,1.000000,1.000000,1.000000
14457,14496,CC(C)OC1OC(C)C(O)C(OC(C)(C)O)C1O,4,CCC(OC)(OC1C(O)C(CO)OC(OC)C1O)C(=O)O,4,272,272,272,0.006468,1.000000,1.000000,1.000000
14448,14496,CC(C)OC1OC(CO)C(O)C(OC(C)(C)O)C1O,5,CCC(OC)(OC1C(O)C(CO)OC(OC)C1O)C(=O)O,4,272,272,272,0.006468,1.000000,1.000000,1.000000
14462,14450,CN1CC(O)CC1c(n)o,3,cC1CC(O)CN1C,3,272,272,272,0.006468,1.000000,1.000000,1.000000
14455,14459,cc(c)-c1ccc(NC(C(N)=O)C(C)C)c(=O)cc1C(CC)NC,5,COc1c(O)cc2c(c1OC)-c1ccc(NC(C(N)=O)C(C)C)c(=O)cc1C(NC(C)=O)CC2,6,272,272,272,0.006468,1.000000,1.000000,1.000000
14459,14482,COc1c(O)cc2c(c1OC)-c1ccc(NC(C(N)=O)C(C)C)c(=O)cc1C(NC(C)=O)CC2,6,ccc(NC(C(N)=O)C(C)C)c(c)=O,3,272,272,272,0.006468,1.000000,1.000000,1.000000
14459,14487,COc1c(O)cc2c(c1OC)-c1ccc(NC(C(N)=O)C(C)C)c(=O)cc1C(NC(C)=O)CC2,6,COc1c(O)ccc2c1-c1ccc(NC(C(N)=O)C(C)C)c(=O)cc1C(NC(C)=O)CC2,6,272,272,272,0.006468,1.000000,1.000000,1.000000
14468,14482,c-c1ccc(NC(C(N)=O)C(C)C)c(=O)cc1C,4,ccc(NC(C(N)=O)C(C)C)c(c)=O,3,272,272,272,0.006468,1.000000,1.000000,1.000000
14468,14487,c-c1ccc(NC(C(N)=O)C(C)C)c(=O)cc1C,4,COc1c(O)ccc2c1-c1ccc(NC(C(N)=O)C(C)C)c(=O)cc1C(NC(C)=O)CC2,6,272,272,272,0.006468,1.000000,1.000000,1.000000
14470,14443,cc(C)c(c(c)O)-c1ccc(NC(C(N)=O)C(C)C)c(=O)cc1C(C)N,5,cNC(C(N)=O)C(C)C,2,272,272,272,0.006468,1.000000,1.000000,1.000000
14455,14470,cc(c)-c1ccc(NC(C(N)=O)C(C)C)c(=O)cc1C(CC)NC,5,cc(C)c(c(c)O)-c1ccc(NC(C(N)=O)C(C)C)c(=O)cc1C(C)N,5,272,272,272,0.006468,1.000000,1.000000,1.000000
14459,14474,COc1c(O)cc2c(c1OC)-c1ccc(NC(C(N)=O)C(C)C)c(=O)cc1C(NC(C)=O)CC2,6,CCC(C)C(Nc)C(N)=O,3,272,272,272,0.006468,1.000000,1.000000,1.000000
14459,14470,COc1c(O)cc2c(c1OC)-c1ccc(NC(C(N)=O)C(C)C)c(=O)cc1C(NC(C)=O)CC2,6,cc(C)c(c(c)O)-c1ccc(NC(C(N)=O)C(C)C)c(=O)cc1C(C)N,5,272,272,272,0.006468,1.000000,1.000000,1.000000
14470,14468,cc(C)c(c(c)O)-c1ccc(NC(C(N)=O)C(C)C)c(=O)cc1C(C)N,5,c-c1ccc(NC(C(N)=O)C(C)C)c(=O)cc1C,4,272,272,272,0.006468,1.000000,1.000000,1.000000
14474,14468,CCC(C)C(Nc)C(N)=O,3,c-c1ccc(NC(C(N)=O)C(C)C)c(=O)cc1C,4,272,272,272,0.006468,1.000000,1.000000,1.000000
14474,14459,CCC(C)C(Nc)C(N)=O,3,COc1c(O)cc2c(c1OC)-c1ccc(NC(C(N)=O)C(C)C)c(=O)cc1C(NC(C)=O)CC2,6,272,272,272,0.006468,1.000000,1.000000,1.000000
14474,14455,CCC(C)C(Nc)C(N)=O,3,cc(c)-c1ccc(NC(C(N)=O)C(C)C)c(=O)cc1C(CC)NC,5,272,272,272,0.006468,1.000000,1.000000,1.000000
14474,14443,CCC(C)C(Nc)C(N)=O,3,cNC(C(N)=O)C(C)C,2,272,272,272,0.006468,1.000000,1.000000,1.000000
14455,14468,cc(c)-c1ccc(NC(C(N)=O)C(C)C)c(=O)cc1C(CC)NC,5,c-c1ccc(NC(C(N)=O)C(C)C)c(=O)cc1C,4,272,272,272,0.006468,1.000000,1.000000,1.000000
14468,14474,c-c1ccc(NC(C(N)=O)C(C)C)c(=O)cc1C,4,CCC(C)C(Nc)C(N)=O,3,272,272,272,0.006468,1.000000,1.000000,1.000000
14470,14474,cc(C)c(c(c)O)-c1ccc(NC(C(N)=O)C(C)C)c(=O)cc1C(C)N,5,CCC(C)C(Nc)C(N)=O,3,272,272,272,0.006468,1.000000,1.000000,1.000000
13751,13756,CCC1(O)OC2CC3C(C)CCCC3(C)C2C1C,4,CCC1(O)OC2CC(C(C)C)C(C)(CC)C2C1C,4,285,285,285,0.006741,1.000000,1.000000,1.000000
9802,9805,Cc1cc(=O)cc(CN(C)C)o1,3,Cc1oc(CN(C)C)cc(=O)c1O,4,395,395,395,0.008984,1.000000,1.000000,1.000000
9805,9802,Cc1oc(CN(C)C)cc(=O)c1O,4,Cc1cc(=O)cc(CN(C)C)o1,3,395,395,395,0.008984,1.000000,1.000000,1.000000
9816,9821,C=CC(O)C(COC)NC(=O)CCCCC,5,CC=CC(O)C(COC(C)O)NC(=O)CCCC,5,395,395,395,0.008984,1.000000,1.000000,1.000000
9811,9800,CCCCCC(=O)OC(COC)COP,5,CC=CCCCCC(=O)OC(COC)COP,6,395,395,395,0.008984,1.000000,1.000000,1.000000
13756,13751,CCC1(O)OC2CC(C(C)C)C(C)(CC)C2C1C,4,CCC1(O)OC2CC3C(C)CCCC3(C)C2C1C,4,285,285,285,0.006741,1.000000,1.000000,1.000000
9821,9816,CC=CC(O)C(COC(C)O)NC(=O)CCCC,5,C=CC(O)C(COC)NC(=O)CCCCC,5,395,395,395,0.008984,1.000000,1.000000,1.000000
9800,9811,CC=CCCCCC(=O)OC(COC)COP,6,CCCCCC(=O)OC(COC)COP,5,395,395,395,0.008984,1.000000,1.000000,1.000000
8091,8100,CCCNc1ccc(-c)c(C)cc1=O,4,ccc(NCCC)c(c)=O,3,476,476,476,0.010579,1.000000,1.000000,1.000000
8100,8091,ccc(NCCC)c(c)=O,3,CCCNc1ccc(-c)c(C)cc1=O,4,476,476,476,0.010579,1.000000,1.000000,1.000000
9714,9713,COc1ccc2cccoc2c1,4,COc1ccc2ccc(=O)oc2c1,4,399,399,399,0.009063,1.000000,1.000000,1.000000
9713,9714,COc1ccc2ccc(=O)oc2c1,4,COc1ccc2cccoc2c1,4,399,399,399,0.009063,1.000000,1.000000,1.000000
14697,14682,CCC(CC)=C(C)N,2,CCC1=C(C)NC(C)CC1,3,268,268,268,0.006384,1.000000,1.000000,1.000000
14712,14732,Oc1cc(O)c2cc(O)c[o+]c2c1,4,cc(c)-c1[o+]c2cc(O)cc(O)c2cc1O,4,268,268,268,0.006384,1.000000,1.000000,1.000000
14734,14735,Cc1c(C)c2cc3c(C)coc3c(C)c2oc1=O,5,Cc1coc2c(C)c3occ(C)c3cc2c1C,4,268,268,268,0.006384,1.000000,1.000000,1.000000
14732,14712,cc(c)-c1[o+]c2cc(O)cc(O)c2cc1O,4,Oc1cc(O)c2cc(O)c[o+]c2c1,4,268,268,268,0.006384,1.000000,1.000000,1.000000
14735,14734,Cc1coc2c(C)c3occ(C)c3cc2c1C,4,Cc1c(C)c2cc3c(C)coc3c(C)c2oc1=O,5,268,268,268,0.006384,1.000000,1.000000,1.000000
14682,14697,CCC1=C(C)NC(C)CC1,3,CCC(CC)=C(C)N,2,268,268,268,0.006384,1.000000,1.000000,1.000000
11648,11638,CC1CCC2C(C=CNC2C)C1,3,CC1CCC(C(C)N)C(C)C1,3,335,335,335,0.007773,1.000000,1.000000,1.000000
11648,11625,CC1CCC2C(C=CNC2C)C1,3,CC1CCC2C(C=CN(CN)C2C)C1,4,335,335,335,0.007773,1.000000,1.000000,1.000000
11627,11645,CC(C)(C)C1(C(C)(C)C)OC1C(=O)O,3,CC(C)(C)C12OC1C(=O)OCC2(C)C,3,335,335,335,0.007773,1.000000,1.000000,1.000000
11625,11648,CC1CCC2C(C=CN(CN)C2C)C1,4,CC1CCC2C(C=CNC2C)C1,3,335,335,335,0.007773,1.000000,1.000000,1.000000
11645,11627,CC(C)(C)C12OC1C(=O)OCC2(C)C,3,CC(C)(C)C1(C(C)(C)C)OC1C(=O)O,3,335,335,335,0.007773,1.000000,1.000000,1.000000
11648,11643,CC1CCC2C(C=CNC2C)C1,3,CC1CCC2C(C=CN3CNCC23)C1,4,335,335,335,0.007773,1.000000,1.000000,1.000000
11643,11648,CC1CCC2C(C=CN3CNCC23)C1,4,CC1CCC2C(C=CNC2C)C1,3,335,335,335,0.007773,1.000000,1.000000,1.000000
11643,11638,CC1CCC2C(C=CN3CNCC23)C1,4,CC1CCC(C(C)N)C(C)C1,3,335,335,335,0.007773,1.000000,1.000000,1.000000
11643,11625,CC1CCC2C(C=CN3CNCC23)C1,4,CC1CCC2C(C=CN(CN)C2C)C1,4,335,335,335,0.007773,1.000000,1.000000,1.000000
11638,11648,CC1CCC(C(C)N)C(C)C1,3,CC1CCC2C(C=CNC2C)C1,3,335,335,335,0.007773,1.000000,1.000000,1.000000
11625,11643,CC1CCC2C(C=CN(CN)C2C)C1,4,CC1CCC2C(C=CN3CNCC23)C1,4,335,335,335,0.007773,1.000000,1.000000,1.000000
11625,11638,CC1CCC2C(C=CN(CN)C2C)C1,4,CC1CCC(C(C)N)C(C)C1,3,335,335,335,0.007773,1.000000,1.000000,1.000000
11638,11625,CC1CCC(C(C)N)C(C)C1,3,CC1CCC2C(C=CN(CN)C2C)C1,4,335,335,335,0.007773,1.000000,1.000000,1.000000
11638,11643,CC1CCC(C(C)N)C(C)C1,3,CC1CCC2C(C=CN3CNCC23)C1,4,335,335,335,0.007773,1.000000,1.000000,1.000000
11737,11712,COP(=O)(O)OP(=O)(O)OCC(C)(C)C(O)C(N)=O,5,CNC(=O)C(O)C(C)(C)COP(=O)(O)O,4,333,333,333,0.007732,1.000000,1.000000,1.000000
11737,11714,COP(=O)(O)OP(=O)(O)OCC(C)(C)C(O)C(N)=O,5,CCNC(=O)C(O)C(C)(C)COP(=O)(O)OP,5,333,333,333,0.007732,1.000000,1.000000,1.000000
11714,11736,CCNC(=O)C(O)C(C)(C)COP(=O)(O)OP,5,CCNC(=O)C(O)C(C)(C)COP(=O)(O)OP(=O)(O)OC,6,333,333,333,0.007732,1.000000,1.000000,1.000000
11714,11737,CCNC(=O)C(O)C(C)(C)COP(=O)(O)OP,5,COP(=O)(O)OP(=O)(O)OCC(C)(C)C(O)C(N)=O,5,333,333,333,0.007732,1.000000,1.000000,1.000000
11719,11701,CNC(=O)C(O)C(C)(C)COP(=O)(O)OP(=O)(O)O,5,CC(C)(COP(=O)(O)OP)C(O)C(N)=O,4,333,333,333,0.007732,1.000000,1.000000,1.000000
11736,11712,CCNC(=O)C(O)C(C)(C)COP(=O)(O)OP(=O)(O)OC,6,CNC(=O)C(O)C(C)(C)COP(=O)(O)O,4,333,333,333,0.007732,1.000000,1.000000,1.000000
11736,11714,CCNC(=O)C(O)C(C)(C)COP(=O)(O)OP(=O)(O)OC,6,CCNC(=O)C(O)C(C)(C)COP(=O)(O)OP,5,333,333,333,0.007732,1.000000,1.000000,1.000000
11736,11719,CCNC(=O)C(O)C(C)(C)COP(=O)(O)OP(=O)(O)OC,6,CNC(=O)C(O)C(C)(C)COP(=O)(O)OP(=O)(O)O,5,333,333,333,0.007732,1.000000,1.000000,1.000000
11736,11737,CCNC(=O)C(O)C(C)(C)COP(=O)(O)OP(=O)(O)OC,6,COP(=O)(O)OP(=O)(O)OCC(C)(C)C(O)C(N)=O,5,333,333,333,0.007732,1.000000,1.000000,1.000000
11701,11736,CC(C)(COP(=O)(O)OP)C(O)C(N)=O,4,CCNC(=O)C(O)C(C)(C)COP(=O)(O)OP(=O)(O)OC,6,333,333,333,0.007732,1.000000,1.000000,1.000000
11737,11719,COP(=O)(O)OP(=O)(O)OCC(C)(C)C(O)C(N)=O,5,CNC(=O)C(O)C(C)(C)COP(=O)(O)OP(=O)(O)O,5,333,333,333,0.007732,1.000000,1.000000,1.000000
11737,11736,COP(=O)(O)OP(=O)(O)OCC(C)(C)C(O)C(N)=O,5,CCNC(=O)C(O)C(C)(C)COP(=O)(O)OP(=O)(O)OC,6,333,333,333,0.007732,1.000000,1.000000,1.000000
11736,11701,CCNC(=O)C(O)C(C)(C)COP(=O)(O)OP(=O)(O)OC,6,CC(C)(COP(=O)(O)OP)C(O)C(N)=O,4,333,333,333,0.007732,1.000000,1.000000,1.000000
11736,11705,CCNC(=O)C(O)C(C)(C)COP(=O)(O)OP(=O)(O)OC,6,CCOP(=O)(O)OP(=O)(O)OCC(C)(C)C(O)C(=O)NC,6,333,333,333,0.007732,1.000000,1.000000,1.000000
11737,11701,COP(=O)(O)OP(=O)(O)OCC(C)(C)C(O)C(N)=O,5,CC(C)(COP(=O)(O)OP)C(O)C(N)=O,4,333,333,333,0.007732,1.000000,1.000000,1.000000
11737,11705,COP(=O)(O)OP(=O)(O)OCC(C)(C)C(O)C(N)=O,5,CCOP(=O)(O)OP(=O)(O)OCC(C)(C)C(O)C(=O)NC,6,333,333,333,0.007732,1.000000,1.000000,1.000000
11714,11719,CCNC(=O)C(O)C(C)(C)COP(=O)(O)OP,5,CNC(=O)C(O)C(C)(C)COP(=O)(O)OP(=O)(O)O,5,333,333,333,0.007732,1.000000,1.000000,1.000000
11714,11712,CCNC(=O)C(O)C(C)(C)COP(=O)(O)OP,5,CNC(=O)C(O)C(C)(C)COP(=O)(O)O,4,333,333,333,0.007732,1.000000,1.000000,1.000000
11705,11736,CCOP(=O)(O)OP(=O)(O)OCC(C)(C)C(O)C(=O)NC,6,CCNC(=O)C(O)C(C)(C)COP(=O)(O)OP(=O)(O)OC,6,333,333,333,0.007732,1.000000,1.000000,1.000000
11712,11701,CNC(=O)C(O)C(C)(C)COP(=O)(O)O,4,CC(C)(COP(=O)(O)OP)C(O)C(N)=O,4,333,333,333,0.007732,1.000000,1.000000,1.000000
11712,11705,CNC(=O)C(O)C(C)(C)COP(=O)(O)O,4,CCOP(=O)(O)OP(=O)(O)OCC(C)(C)C(O)C(=O)NC,6,333,333,333,0.007732,1.000000,1.000000,1.000000
11712,11714,CNC(=O)C(O)C(C)(C)COP(=O)(O)O,4,CCNC(=O)C(O)C(C)(C)COP(=O)(O)OP,5,333,333,333,0.007732,1.000000,1.000000,1.000000
11712,11719,CNC(=O)C(O)C(C)(C)COP(=O)(O)O,4,CNC(=O)C(O)C(C)(C)COP(=O)(O)OP(=O)(O)O,5,333,333,333,0.007732,1.000000,1.000000,1.000000
11712,11736,CNC(=O)C(O)C(C)(C)COP(=O)(O)O,4,CCNC(=O)C(O)C(C)(C)COP(=O)(O)OP(=O)(O)OC,6,333,333,333,0.007732,1.000000,1.000000,1.000000
11712,11737,CNC(=O)C(O)C(C)(C)COP(=O)(O)O,4,COP(=O)(O)OP(=O)(O)OCC(C)(C)C(O)C(N)=O,5,333,333,333,0.007732,1.000000,1.000000,1.000000
11719,11705,CNC(=O)C(O)C(C)(C)COP(=O)(O)OP(=O)(O)O,5,CCOP(=O)(O)OP(=O)(O)OCC(C)(C)C(O)C(=O)NC,6,333,333,333,0.007732,1.000000,1.000000,1.000000
11719,11712,CNC(=O)C(O)C(C)(C)COP(=O)(O)OP(=O)(O)O,5,CNC(=O)C(O)C(C)(C)COP(=O)(O)O,4,333,333,333,0.007732,1.000000,1.000000,1.000000
11719,11714,CNC(=O)C(O)C(C)(C)COP(=O)(O)OP(=O)(O)O,5,CCNC(=O)C(O)C(C)(C)COP(=O)(O)OP,5,333,333,333,0.007732,1.000000,1.000000,1.000000
11719,11736,CNC(=O)C(O)C(C)(C)COP(=O)(O)OP(=O)(O)O,5,CCNC(=O)C(O)C(C)(C)COP(=O)(O)OP(=O)(O)OC,6,333,333,333,0.007732,1.000000,1.000000,1.000000
11719,11737,CNC(=O)C(O)C(C)(C)COP(=O)(O)OP(=O)(O)O,5,COP(=O)(O)OP(=O)(O)OCC(C)(C)C(O)C(N)=O,5,333,333,333,0.007732,1.000000,1.000000,1.000000
11714,11701,CCNC(=O)C(O)C(C)(C)COP(=O)(O)OP,5,CC(C)(COP(=O)(O)OP)C(O)C(N)=O,4,333,333,333,0.007732,1.000000,1.000000,1.000000
11714,11705,CCNC(=O)C(O)C(C)(C)COP(=O)(O)OP,5,CCOP(=O)(O)OP(=O)(O)OCC(C)(C)C(O)C(=O)NC,6,333,333,333,0.007732,1.000000,1.000000,1.000000
11705,11712,CCOP(=O)(O)OP(=O)(O)OCC(C)(C)C(O)C(=O)NC,6,CNC(=O)C(O)C(C)(C)COP(=O)(O)O,4,333,333,333,0.007732,1.000000,1.000000,1.000000
11705,11701,CCOP(=O)(O)OP(=O)(O)OCC(C)(C)C(O)C(=O)NC,6,CC(C)(COP(=O)(O)OP)C(O)C(N)=O,4,333,333,333,0.007732,1.000000,1.000000,1.000000
11713,11698,cc(c)C(=O)N1CC2cn(c)CC(C2)C1,4,cc(c)C(=O)N1CC(c)CC(C)C1,3,333,333,333,0.007732,1.000000,1.000000,1.000000
11701,11737,CC(C)(COP(=O)(O)OP)C(O)C(N)=O,4,COP(=O)(O)OP(=O)(O)OCC(C)(C)C(O)C(N)=O,5,333,333,333,0.007732,1.000000,1.000000,1.000000
11701,11719,CC(C)(COP(=O)(O)OP)C(O)C(N)=O,4,CNC(=O)C(O)C(C)(C)COP(=O)(O)OP(=O)(O)O,5,333,333,333,0.007732,1.000000,1.000000,1.000000
11701,11714,CC(C)(COP(=O)(O)OP)C(O)C(N)=O,4,CCNC(=O)C(O)C(C)(C)COP(=O)(O)OP,5,333,333,333,0.007732,1.000000,1.000000,1.000000
11701,11712,CC(C)(COP(=O)(O)OP)C(O)C(N)=O,4,CNC(=O)C(O)C(C)(C)COP(=O)(O)O,4,333,333,333,0.007732,1.000000,1.000000,1.000000
11701,11705,CC(C)(COP(=O)(O)OP)C(O)C(N)=O,4,CCOP(=O)(O)OP(=O)(O)OCC(C)(C)C(O)C(=O)NC,6,333,333,333,0.007732,1.000000,1.000000,1.000000
11705,11737,CCOP(=O)(O)OP(=O)(O)OCC(C)(C)C(O)C(=O)NC,6,COP(=O)(O)OP(=O)(O)OCC(C)(C)C(O)C(N)=O,5,333,333,333,0.007732,1.000000,1.000000,1.000000
11698,11713,cc(c)C(=O)N1CC(c)CC(C)C1,3,cc(c)C(=O)N1CC2cn(c)CC(C2)C1,4,333,333,333,0.007732,1.000000,1.000000,1.000000
11705,11719,CCOP(=O)(O)OP(=O)(O)OCC(C)(C)C(O)C(=O)NC,6,CNC(=O)C(O)C(C)(C)COP(=O)(O)OP(=O)(O)O,5,333,333,333,0.007732,1.000000,1.000000,1.000000
11705,11714,CCOP(=O)(O)OP(=O)(O)OCC(C)(C)C(O)C(=O)NC,6,CCNC(=O)C(O)C(C)(C)COP(=O)(O)OP,5,333,333,333,0.007732,1.000000,1.000000,1.000000
7714,7725,C=C1Oc2c(ccc(O)c2C(c)C)C1=O,3,cC=C1Oc2c(ccc(O)c2C(c)C)C1=O,4,498,498,498,0.011005,1.000000,1.000000,1.000000
7717,7718,Nc1ncnc2c1ncn2C1OC(CO)C(OP)C1O,5,cnc1c(c)ncn1C1OC(CO)C(OP)C1O,4,498,498,498,0.011005,1.000000,1.000000,1.000000
13777,13776,ccc(cc)NC(=O)C1C2C=CC3(O2)C1C(=O)N(CC)C3C(=O)NC,6,ccc(cc)NC(=O)C1C2C=CC3(O2)C1C(=O)N(CC)C3C(N)=O,5,284,284,284,0.006720,1.000000,1.000000,1.000000
13776,13777,ccc(cc)NC(=O)C1C2C=CC3(O2)C1C(=O)N(CC)C3C(N)=O,5,ccc(cc)NC(=O)C1C2C=CC3(O2)C1C(=O)N(CC)C3C(=O)NC,6,284,284,284,0.006720,1.000000,1.000000,1.000000
13696,13693,C=NC1CCC(O)NC1=O,3,CN1CC(N)CCC1O,3,286,286,286,0.006761,1.000000,1.000000,1.000000
13700,13706,C=C(C(=O)NC)N(C)C(=O)CCC(NC)C(=O)O,5,C=C(C(=O)NC)N(C)C(=O)CCC(NC(=O)C(C)C)C(=O)O,6,286,286,286,0.006761,1.000000,1.000000,1.000000
13693,13696,CN1CC(N)CCC1O,3,C=NC1CCC(O)NC1=O,3,286,286,286,0.006761,1.000000,1.000000,1.000000
13697,13701,COC1OC(CO)C(OC2OC(CO)C(OC)C(OC(C)(C)O)C2O)C(O)C1O,6,CCOC1OC(CO)C(OC2OC(CO)C(O)C(OC)C2O)C(O)C1O,6,286,286,286,0.006761,1.000000,1.000000,1.000000
13706,13700,C=C(C(=O)NC)N(C)C(=O)CCC(NC(=O)C(C)C)C(=O)O,6,C=C(C(=O)NC)N(C)C(=O)CCC(NC)C(=O)O,5,286,286,286,0.006761,1.000000,1.000000,1.000000
13701,13697,CCOC1OC(CO)C(OC2OC(CO)C(O)C(OC)C2O)C(O)C1O,6,COC1OC(CO)C(OC2OC(CO)C(OC)C(OC(C)(C)O)C2O)C(O)C1O,6,286,286,286,0.006761,1.000000,1.000000,1.000000
13734,13702,cc(c)OCCCO,3,cOCCCOc,3,286,286,286,0.006761,1.000000,1.000000,1.000000
13702,13734,cOCCCOc,3,cc(c)OCCCO,3,286,286,286,0.006761,1.000000,1.000000,1.000000
7718,7717,cnc1c(c)ncn1C1OC(CO)C(OP)C1O,4,Nc1ncnc2c1ncn2C1OC(CO)C(OP)C1O,5,498,498,498,0.011005,1.000000,1.000000,1.000000
7725,7714,cC=C1Oc2c(ccc(O)c2C(c)C)C1=O,4,C=C1Oc2c(ccc(O)c2C(c)C)C1=O,3,498,498,498,0.011005,1.000000,1.000000,1.000000
15491,15539,COc1c(C)cc(-c)c2c1CCC(CO)O2,4,cc1cCCC(CO)O1,3,255,255,255,0.006110,1.000000,1.000000,1.000000
15491,15530,COc1c(C)cc(-c)c2c1CCC(CO)O2,4,cc(O)c1c(c)OC(C)CC1,3,255,255,255,0.006110,1.000000,1.000000,1.000000
15491,15524,COc1c(C)cc(-c)c2c1CCC(CO)O2,4,cc(-c)c1c(c)CCC(CO)O1,3,255,255,255,0.006110,1.000000,1.000000,1.000000
15491,15514,COc1c(C)cc(-c)c2c1CCC(CO)O2,4,CCC(CO)Oc,2,255,255,255,0.006110,1.000000,1.000000,1.000000
15491,15508,COc1c(C)cc(-c)c2c1CCC(CO)O2,4,COc1c(C)cc(-c)c2c1CCCO2,3,255,255,255,0.006110,1.000000,1.000000,1.000000
15487,15495,Cc1ccoc2cc(OCC(N)=O)ccc12,5,Cc1cc(=O)oc2cc(OCC(N)=O)ccc12,5,255,255,255,0.006110,1.000000,1.000000,1.000000
15502,15548,COC1=C(CO)C(=O)OC1=C(OC)C(C)C,4,COC(=C(C)O)C(C)C,2,255,255,255,0.006110,1.000000,1.000000,1.000000
15502,15504,COC1=C(CO)C(=O)OC1=C(OC)C(C)C,4,COC1=C(C)C(=O)OC1=C(OC)C(C)C,3,255,255,255,0.006110,1.000000,1.000000,1.000000
15495,15487,Cc1cc(=O)oc2cc(OCC(N)=O)ccc12,5,Cc1ccoc2cc(OCC(N)=O)ccc12,5,255,255,255,0.006110,1.000000,1.000000,1.000000
15491,15553,COc1c(C)cc(-c)c2c1CCC(CO)O2,4,cc1cOC(CO)CC1,3,255,255,255,0.006110,1.000000,1.000000,1.000000
15491,15540,COc1c(C)cc(-c)c2c1CCC(CO)O2,4,cc(O)c1c(c)OC(CO)CC1,4,255,255,255,0.006110,1.000000,1.000000,1.000000
15508,15514,COc1c(C)cc(-c)c2c1CCCO2,3,CCC(CO)Oc,2,255,255,255,0.006110,1.000000,1.000000,1.000000
15508,15491,COc1c(C)cc(-c)c2c1CCCO2,3,COc1c(C)cc(-c)c2c1CCC(CO)O2,4,255,255,255,0.006110,1.000000,1.000000,1.000000
15504,15548,COC1=C(C)C(=O)OC1=C(OC)C(C)C,3,COC(=C(C)O)C(C)C,2,255,255,255,0.006110,1.000000,1.000000,1.000000
15504,15502,COC1=C(C)C(=O)OC1=C(OC)C(C)C,3,COC1=C(CO)C(=O)OC1=C(OC)C(C)C,4,255,255,255,0.006110,1.000000,1.000000,1.000000
15514,15540,CCC(CO)Oc,2,cc(O)c1c(c)OC(CO)CC1,4,255,255,255,0.006110,1.000000,1.000000,1.000000
15514,15539,CCC(CO)Oc,2,cc1cCCC(CO)O1,3,255,255,255,0.006110,1.000000,1.000000,1.000000
15514,15530,CCC(CO)Oc,2,cc(O)c1c(c)OC(C)CC1,3,255,255,255,0.006110,1.000000,1.000000,1.000000
15514,15524,CCC(CO)Oc,2,cc(-c)c1c(c)CCC(CO)O1,3,255,255,255,0.006110,1.000000,1.000000,1.000000
15514,15508,CCC(CO)Oc,2,COc1c(C)cc(-c)c2c1CCCO2,3,255,255,255,0.006110,1.000000,1.000000,1.000000
15514,15491,CCC(CO)Oc,2,COc1c(C)cc(-c)c2c1CCC(CO)O2,4,255,255,255,0.006110,1.000000,1.000000,1.000000
15513,15545,Cc1[nH]cnc1CN,3,cnc(CN)c(C)[nH],2,255,255,255,0.006110,1.000000,1.000000,1.000000
15508,15553,COc1c(C)cc(-c)c2c1CCCO2,3,cc1cOC(CO)CC1,3,255,255,255,0.006110,1.000000,1.000000,1.000000
15508,15540,COc1c(C)cc(-c)c2c1CCCO2,3,cc(O)c1c(c)OC(CO)CC1,4,255,255,255,0.006110,1.000000,1.000000,1.000000
15508,15539,COc1c(C)cc(-c)c2c1CCCO2,3,cc1cCCC(CO)O1,3,255,255,255,0.006110,1.000000,1.000000,1.000000
15508,15530,COc1c(C)cc(-c)c2c1CCCO2,3,cc(O)c1c(c)OC(C)CC1,3,255,255,255,0.006110,1.000000,1.000000,1.000000
15508,15524,COc1c(C)cc(-c)c2c1CCCO2,3,cc(-c)c1c(c)CCC(CO)O1,3,255,255,255,0.006110,1.000000,1.000000,1.000000
15539,15514,cc1cCCC(CO)O1,3,CCC(CO)Oc,2,255,255,255,0.006110,1.000000,1.000000,1.000000
15539,15508,cc1cCCC(CO)O1,3,COc1c(C)cc(-c)c2c1CCCO2,3,255,255,255,0.006110,1.000000,1.000000,1.000000
15530,15553,cc(O)c1c(c)OC(C)CC1,3,cc1cOC(CO)CC1,3,255,255,255,0.006110,1.000000,1.000000,1.000000
15530,15540,cc(O)c1c(c)OC(C)CC1,3,cc(O)c1c(c)OC(CO)CC1,4,255,255,255,0.006110,1.000000,1.000000,1.000000
15530,15539,cc(O)c1c(c)OC(C)CC1,3,cc1cCCC(CO)O1,3,255,255,255,0.006110,1.000000,1.000000,1.000000
15530,15524,cc(O)c1c(c)OC(C)CC1,3,cc(-c)c1c(c)CCC(CO)O1,3,255,255,255,0.006110,1.000000,1.000000,1.000000
15530,15514,cc(O)c1c(c)OC(C)CC1,3,CCC(CO)Oc,2,255,255,255,0.006110,1.000000,1.000000,1.000000
15530,15508,cc(O)c1c(c)OC(C)CC1,3,COc1c(C)cc(-c)c2c1CCCO2,3,255,255,255,0.006110,1.000000,1.000000,1.000000
15530,15491,cc(O)c1c(c)OC(C)CC1,3,COc1c(C)cc(-c)c2c1CCC(CO)O2,4,255,255,255,0.006110,1.000000,1.000000,1.000000
15524,15530,cc(-c)c1c(c)CCC(CO)O1,3,cc(O)c1c(c)OC(C)CC1,3,255,255,255,0.006110,1.000000,1.000000,1.000000
15524,15514,cc(-c)c1c(c)CCC(CO)O1,3,CCC(CO)Oc,2,255,255,255,0.006110,1.000000,1.000000,1.000000
15524,15508,cc(-c)c1c(c)CCC(CO)O1,3,COc1c(C)cc(-c)c2c1CCCO2,3,255,255,255,0.006110,1.000000,1.000000,1.000000
15524,15491,cc(-c)c1c(c)CCC(CO)O1,3,COc1c(C)cc(-c)c2c1CCC(CO)O2,4,255,255,255,0.006110,1.000000,1.000000,1.000000
15514,15553,CCC(CO)Oc,2,cc1cOC(CO)CC1,3,255,255,255,0.006110,1.000000,1.000000,1.000000
15548,15504,COC(=C(C)O)C(C)C,2,COC1=C(C)C(=O)OC1=C(OC)C(C)C,3,255,255,255,0.006110,1.000000,1.000000,1.000000
15548,15502,COC(=C(C)O)C(C)C,2,COC1=C(CO)C(=O)OC1=C(OC)C(C)C,4,255,255,255,0.006110,1.000000,1.000000,1.000000
15546,15535,CN(C)C1(C(N)=O)CNC1,2,O=C1NC(=O)C2(CNC2)N2CC(O)CC12,3,255,255,255,0.006110,1.000000,1.000000,1.000000
15545,15513,cnc(CN)c(C)[nH],2,Cc1[nH]cnc1CN,3,255,255,255,0.006110,1.000000,1.000000,1.000000
15524,15553,cc(-c)c1c(c)CCC(CO)O1,3,cc1cOC(CO)CC1,3,255,255,255,0.006110,1.000000,1.000000,1.000000
15524,15540,cc(-c)c1c(c)CCC(CO)O1,3,cc(O)c1c(c)OC(CO)CC1,4,255,255,255,0.006110,1.000000,1.000000,1.000000
15524,15539,cc(-c)c1c(c)CCC(CO)O1,3,cc1cCCC(CO)O1,3,255,255,255,0.006110,1.000000,1.000000,1.000000
15540,15514,cc(O)c1c(c)OC(CO)CC1,4,CCC(CO)Oc,2,255,255,255,0.006110,1.000000,1.000000,1.000000
15540,15508,cc(O)c1c(c)OC(CO)CC1,4,COc1c(C)cc(-c)c2c1CCCO2,3,255,255,255,0.006110,1.000000,1.000000,1.000000
15540,15491,cc(O)c1c(c)OC(CO)CC1,4,COc1c(C)cc(-c)c2c1CCC(CO)O2,4,255,255,255,0.006110,1.000000,1.000000,1.000000
15539,15553,cc1cCCC(CO)O1,3,cc1cOC(CO)CC1,3,255,255,255,0.006110,1.000000,1.000000,1.000000
15539,15540,cc1cCCC(CO)O1,3,cc(O)c1c(c)OC(CO)CC1,4,255,255,255,0.006110,1.000000,1.000000,1.000000
15539,15530,cc1cCCC(CO)O1,3,cc(O)c1c(c)OC(C)CC1,3,255,255,255,0.006110,1.000000,1.000000,1.000000
15539,15524,cc1cCCC(CO)O1,3,cc(-c)c1c(c)CCC(CO)O1,3,255,255,255,0.006110,1.000000,1.000000,1.000000
15540,15530,cc(O)c1c(c)OC(CO)CC1,4,cc(O)c1c(c)OC(C)CC1,3,255,255,255,0.006110,1.000000,1.000000,1.000000
15540,15524,cc(O)c1c(c)OC(CO)CC1,4,cc(-c)c1c(c)CCC(CO)O1,3,255,255,255,0.006110,1.000000,1.000000,1.000000
15553,15540,cc1cOC(CO)CC1,3,cc(O)c1c(c)OC(CO)CC1,4,255,255,255,0.006110,1.000000,1.000000,1.000000
15553,15539,cc1cOC(CO)CC1,3,cc1cCCC(CO)O1,3,255,255,255,0.006110,1.000000,1.000000,1.000000
15553,15530,cc1cOC(CO)CC1,3,cc(O)c1c(c)OC(C)CC1,3,255,255,255,0.006110,1.000000,1.000000,1.000000
15553,15524,cc1cOC(CO)CC1,3,cc(-c)c1c(c)CCC(CO)O1,3,255,255,255,0.006110,1.000000,1.000000,1.000000
15553,15514,cc1cOC(CO)CC1,3,CCC(CO)Oc,2,255,255,255,0.006110,1.000000,1.000000,1.000000
15553,15508,cc1cOC(CO)CC1,3,COc1c(C)cc(-c)c2c1CCCO2,3,255,255,255,0.006110,1.000000,1.000000,1.000000
15553,15491,cc1cOC(CO)CC1,3,COc1c(C)cc(-c)c2c1CCC(CO)O2,4,255,255,255,0.006110,1.000000,1.000000,1.000000
15539,15491,cc1cCCC(CO)O1,3,COc1c(C)cc(-c)c2c1CCC(CO)O2,4,255,255,255,0.006110,1.000000,1.000000,1.000000
15537,15534,C=C1Oc2c(ccc3c2C(c(c)c)CC(=O)O3)C1=O,5,cc(c)C1CCOc2ccc3c(c21)OC(=Cc)C3=O,4,255,255,255,0.006110,1.000000,1.000000,1.000000
15535,15546,O=C1NC(=O)C2(CNC2)N2CC(O)CC12,3,CN(C)C1(C(N)=O)CNC1,2,255,255,255,0.006110,1.000000,1.000000,1.000000
15534,15537,cc(c)C1CCOc2ccc3c(c21)OC(=Cc)C3=O,4,C=C1Oc2c(ccc3c2C(c(c)c)CC(=O)O3)C1=O,5,255,255,255,0.006110,1.000000,1.000000,1.000000
15540,15553,cc(O)c1c(c)OC(CO)CC1,4,cc1cOC(CO)CC1,3,255,255,255,0.006110,1.000000,1.000000,1.000000
15540,15539,cc(O)c1c(c)OC(CO)CC1,4,cc1cCCC(CO)O1,3,255,255,255,0.006110,1.000000,1.000000,1.000000
14170,14171,CCCC1C=CC(CC)CC1O,4,CCCCCC1C=CCC(O)C1,4,278,278,278,0.006594,1.000000,1.000000,1.000000
14165,14170,CCCCC1C=CC(C)CC1O,4,CCCC1C=CC(CC)CC1O,4,278,278,278,0.006594,1.000000,1.000000,1.000000
14165,14171,CCCCC1C=CC(C)CC1O,4,CCCCCC1C=CCC(O)C1,4,278,278,278,0.006594,1.000000,1.000000,1.000000
14165,14177,CCCCC1C=CC(C)CC1O,4,CCCCC1C=CC(C)C(O)C1,4,278,278,278,0.006594,1.000000,1.000000,1.000000
14165,14179,CCCCC1C=CC(C)CC1O,4,CCCCCC1C=CC(CCCC)C(O)C1,6,278,278,278,0.006594,1.000000,1.000000,1.000000
14165,14180,CCCCC1C=CC(C)CC1O,4,CCCCCC1C=CC(CC)C(O)C1,5,278,278,278,0.006594,1.000000,1.000000,1.000000
14170,14127,CCCC1C=CC(CC)CC1O,4,CCCCC1C=CC(CCC)C(O)C1,5,278,278,278,0.006594,1.000000,1.000000,1.000000
14170,14129,CCCC1C=CC(CC)CC1O,4,CCCC1C=CCCC1O,3,278,278,278,0.006594,1.000000,1.000000,1.000000
14170,14134,CCCC1C=CC(CC)CC1O,4,CCCCC1C=CC(CCC)CC1O,5,278,278,278,0.006594,1.000000,1.000000,1.000000
14170,14145,CCCC1C=CC(CC)CC1O,4,CCCC1C=CCC(O)C1,3,278,278,278,0.006594,1.000000,1.000000,1.000000
14170,14151,CCCC1C=CC(CC)CC1O,4,CCCCCC1C=CC(C)C(O)C1,5,278,278,278,0.006594,1.000000,1.000000,1.000000
14170,14159,CCCC1C=CC(CC)CC1O,4,C=CC(CC)CCCCC,4,278,278,278,0.006594,1.000000,1.000000,1.000000
14170,14165,CCCC1C=CC(CC)CC1O,4,CCCCC1C=CC(C)CC1O,4,278,278,278,0.006594,1.000000,1.000000,1.000000
14170,14167,CCCC1C=CC(CC)CC1O,4,C=CC(CC)C(C)O,2,278,278,278,0.006594,1.000000,1.000000,1.000000
14165,14167,CCCCC1C=CC(C)CC1O,4,C=CC(CC)C(C)O,2,278,278,278,0.006594,1.000000,1.000000,1.000000
14170,14177,CCCC1C=CC(CC)CC1O,4,CCCCC1C=CC(C)C(O)C1,4,278,278,278,0.006594,1.000000,1.000000,1.000000
14167,14127,C=CC(CC)C(C)O,2,CCCCC1C=CC(CCC)C(O)C1,5,278,278,278,0.006594,1.000000,1.000000,1.000000
14167,14129,C=CC(CC)C(C)O,2,CCCC1C=CCCC1O,3,278,278,278,0.006594,1.000000,1.000000,1.000000
14171,14083,CCCCCC1C=CCC(O)C1,4,CCC1C=CC(C)CC1O,3,278,278,278,0.006594,1.000000,1.000000,1.000000
14171,14098,CCCCCC1C=CCC(O)C1,4,CCCC1C=CC(CC)C(O)C1,4,278,278,278,0.006594,1.000000,1.000000,1.000000
14171,14099,CCCCCC1C=CCC(O)C1,4,CCC1C=CC(C)C(O)C1,3,278,278,278,0.006594,1.000000,1.000000,1.000000
14171,14117,CCCCCC1C=CCC(O)C1,4,C=CC(CCCC)C(C)O,3,278,278,278,0.006594,1.000000,1.000000,1.000000
14171,14118,CCCCCC1C=CCC(O)C1,4,CCCCCC1C=CC(CCC)C(O)C1,6,278,278,278,0.006594,1.000000,1.000000,1.000000
14171,14127,CCCCCC1C=CCC(O)C1,4,CCCCC1C=CC(CCC)C(O)C1,5,278,278,278,0.006594,1.000000,1.000000,1.000000
14171,14129,CCCCCC1C=CCC(O)C1,4,CCCC1C=CCCC1O,3,278,278,278,0.006594,1.000000,1.000000,1.000000
14171,14134,CCCCCC1C=CCC(O)C1,4,CCCCC1C=CC(CCC)CC1O,5,278,278,278,0.006594,1.000000,1.000000,1.000000
14171,14145,CCCCCC1C=CCC(O)C1,4,CCCC1C=CCC(O)C1,3,278,278,278,0.006594,1.000000,1.000000,1.000000
14171,14151,CCCCCC1C=CCC(O)C1,4,CCCCCC1C=CC(C)C(O)C1,5,278,278,278,0.006594,1.000000,1.000000,1.000000
14098,14127,CCCC1C=CC(CC)C(O)C1,4,CCCCC1C=CC(CCC)C(O)C1,5,278,278,278,0.006594,1.000000,1.000000,1.000000
14165,14118,CCCCC1C=CC(C)CC1O,4,CCCCCC1C=CC(CCC)C(O)C1,6,278,278,278,0.006594,1.000000,1.000000,1.000000
14167,14134,C=CC(CC)C(C)O,2,CCCCC1C=CC(CCC)CC1O,5,278,278,278,0.006594,1.000000,1.000000,1.000000
14167,14145,C=CC(CC)C(C)O,2,CCCC1C=CCC(O)C1,3,278,278,278,0.006594,1.000000,1.000000,1.000000
14167,14151,C=CC(CC)C(C)O,2,CCCCCC1C=CC(C)C(O)C1,5,278,278,278,0.006594,1.000000,1.000000,1.000000
14167,14159,C=CC(CC)C(C)O,2,C=CC(CC)CCCCC,4,278,278,278,0.006594,1.000000,1.000000,1.000000
14145,14179,CCCC1C=CCC(O)C1,3,CCCCCC1C=CC(CCCC)C(O)C1,6,278,278,278,0.006594,1.000000,1.000000,1.000000
14145,14180,CCCC1C=CCC(O)C1,3,CCCCCC1C=CC(CC)C(O)C1,5,278,278,278,0.006594,1.000000,1.000000,1.000000
14147,14106,cN1C(=O)c2ccccc2C1N,3,Cc1ccccc1C(N)N,3,278,278,278,0.006594,1.000000,1.000000,1.000000
14147,14110,cN1C(=O)c2ccccc2C1N,3,ccc(c(c)C)C(N)N,2,278,278,278,0.006594,1.000000,1.000000,1.000000
14145,14083,CCCC1C=CCC(O)C1,3,CCC1C=CC(C)CC1O,3,278,278,278,0.006594,1.000000,1.000000,1.000000
14145,14098,CCCC1C=CCC(O)C1,3,CCCC1C=CC(CC)C(O)C1,4,278,278,278,0.006594,1.000000,1.000000,1.000000
14145,14099,CCCC1C=CCC(O)C1,3,CCC1C=CC(C)C(O)C1,3,278,278,278,0.006594,1.000000,1.000000,1.000000
14098,14118,CCCC1C=CC(CC)C(O)C1,4,CCCCCC1C=CC(CCC)C(O)C1,6,278,278,278,0.006594,1.000000,1.000000,1.000000
14171,14159,CCCCCC1C=CCC(O)C1,4,C=CC(CC)CCCCC,4,278,278,278,0.006594,1.000000,1.000000,1.000000
14098,14129,CCCC1C=CC(CC)C(O)C1,4,CCCC1C=CCCC1O,3,278,278,278,0.006594,1.000000,1.000000,1.000000
14098,14134,CCCC1C=CC(CC)C(O)C1,4,CCCCC1C=CC(CCC)CC1O,5,278,278,278,0.006594,1.000000,1.000000,1.000000
14098,14145,CCCC1C=CC(CC)C(O)C1,4,CCCC1C=CCC(O)C1,3,278,278,278,0.006594,1.000000,1.000000,1.000000
14098,14151,CCCC1C=CC(CC)C(O)C1,4,CCCCCC1C=CC(C)C(O)C1,5,278,278,278,0.006594,1.000000,1.000000,1.000000
14083,14127,CCC1C=CC(C)CC1O,3,CCCCC1C=CC(CCC)C(O)C1,5,278,278,278,0.006594,1.000000,1.000000,1.000000
14083,14129,CCC1C=CC(C)CC1O,3,CCCC1C=CCCC1O,3,278,278,278,0.006594,1.000000,1.000000,1.000000
14083,14134,CCC1C=CC(C)CC1O,3,CCCCC1C=CC(CCC)CC1O,5,278,278,278,0.006594,1.000000,1.000000,1.000000
14167,14165,C=CC(CC)C(C)O,2,CCCCC1C=CC(C)CC1O,4,278,278,278,0.006594,1.000000,1.000000,1.000000
14167,14170,C=CC(CC)C(C)O,2,CCCC1C=CC(CC)CC1O,4,278,278,278,0.006594,1.000000,1.000000,1.000000
14167,14171,C=CC(CC)C(C)O,2,CCCCCC1C=CCC(O)C1,4,278,278,278,0.006594,1.000000,1.000000,1.000000
14167,14177,C=CC(CC)C(C)O,2,CCCCC1C=CC(C)C(O)C1,4,278,278,278,0.006594,1.000000,1.000000,1.000000
14167,14179,C=CC(CC)C(C)O,2,CCCCCC1C=CC(CCCC)C(O)C1,6,278,278,278,0.006594,1.000000,1.000000,1.000000
14167,14180,C=CC(CC)C(C)O,2,CCCCCC1C=CC(CC)C(O)C1,5,278,278,278,0.006594,1.000000,1.000000,1.000000
14171,14179,CCCCCC1C=CCC(O)C1,4,CCCCCC1C=CC(CCCC)C(O)C1,6,278,278,278,0.006594,1.000000,1.000000,1.000000
14145,14127,CCCC1C=CCC(O)C1,3,CCCCC1C=CC(CCC)C(O)C1,5,278,278,278,0.006594,1.000000,1.000000,1.000000
14140,14149,CC1OCC(O)C(O)C1O,3,CC1OC(O)CC(O)C1O,3,278,278,278,0.006594,1.000000,1.000000,1.000000
14099,14083,CCC1C=CC(C)C(O)C1,3,CCC1C=CC(C)CC1O,3,278,278,278,0.006594,1.000000,1.000000,1.000000
14099,14098,CCC1C=CC(C)C(O)C1,3,CCCC1C=CC(CC)C(O)C1,4,278,278,278,0.006594,1.000000,1.000000,1.000000
14099,14117,CCC1C=CC(C)C(O)C1,3,C=CC(CCCC)C(C)O,3,278,278,278,0.006594,1.000000,1.000000,1.000000
14145,14171,CCCC1C=CCC(O)C1,3,CCCCCC1C=CCC(O)C1,4,278,278,278,0.006594,1.000000,1.000000,1.000000
14145,14177,CCCC1C=CCC(O)C1,3,CCCCC1C=CC(C)C(O)C1,4,278,278,278,0.006594,1.000000,1.000000,1.000000
14177,14099,CCCCC1C=CC(C)C(O)C1,4,CCC1C=CC(C)C(O)C1,3,278,278,278,0.006594,1.000000,1.000000,1.000000
14177,14117,CCCCC1C=CC(C)C(O)C1,4,C=CC(CCCC)C(C)O,3,278,278,278,0.006594,1.000000,1.000000,1.000000
14171,14165,CCCCCC1C=CCC(O)C1,4,CCCCC1C=CC(C)CC1O,4,278,278,278,0.006594,1.000000,1.000000,1.000000
14171,14167,CCCCCC1C=CCC(O)C1,4,C=CC(CC)C(C)O,2,278,278,278,0.006594,1.000000,1.000000,1.000000
14171,14170,CCCCCC1C=CCC(O)C1,4,CCCC1C=CC(CC)CC1O,4,278,278,278,0.006594,1.000000,1.000000,1.000000
14171,14177,CCCCCC1C=CCC(O)C1,4,CCCCC1C=CC(C)C(O)C1,4,278,278,278,0.006594,1.000000,1.000000,1.000000
14145,14118,CCCC1C=CCC(O)C1,3,CCCCCC1C=CC(CCC)C(O)C1,6,278,278,278,0.006594,1.000000,1.000000,1.000000
14177,14145,CCCCC1C=CC(C)C(O)C1,4,CCCC1C=CCC(O)C1,3,278,278,278,0.006594,1.000000,1.000000,1.000000
14177,14151,CCCCC1C=CC(C)C(O)C1,4,CCCCCC1C=CC(C)C(O)C1,5,278,278,278,0.006594,1.000000,1.000000,1.000000
14177,14159,CCCCC1C=CC(C)C(O)C1,4,C=CC(CC)CCCCC,4,278,278,278,0.006594,1.000000,1.000000,1.000000
14177,14165,CCCCC1C=CC(C)C(O)C1,4,CCCCC1C=CC(C)CC1O,4,278,278,278,0.006594,1.000000,1.000000,1.000000
14177,14167,CCCCC1C=CC(C)C(O)C1,4,C=CC(CC)C(C)O,2,278,278,278,0.006594,1.000000,1.000000,1.000000
14177,14170,CCCCC1C=CC(C)C(O)C1,4,CCCC1C=CC(CC)CC1O,4,278,278,278,0.006594,1.000000,1.000000,1.000000
14177,14171,CCCCC1C=CC(C)C(O)C1,4,CCCCCC1C=CCC(O)C1,4,278,278,278,0.006594,1.000000,1.000000,1.000000
14177,14179,CCCCC1C=CC(C)C(O)C1,4,CCCCCC1C=CC(CCCC)C(O)C1,6,278,278,278,0.006594,1.000000,1.000000,1.000000
14177,14180,CCCCC1C=CC(C)C(O)C1,4,CCCCCC1C=CC(CC)C(O)C1,5,278,278,278,0.006594,1.000000,1.000000,1.000000
14179,14159,CCCCCC1C=CC(CCCC)C(O)C1,6,C=CC(CC)CCCCC,4,278,278,278,0.006594,1.000000,1.000000,1.000000
14117,14129,C=CC(CCCC)C(C)O,3,CCCC1C=CCCC1O,3,278,278,278,0.006594,1.000000,1.000000,1.000000
14179,14167,CCCCCC1C=CC(CCCC)C(O)C1,6,C=CC(CC)C(C)O,2,278,278,278,0.006594,1.000000,1.000000,1.000000
14179,14170,CCCCCC1C=CC(CCCC)C(O)C1,6,CCCC1C=CC(CC)CC1O,4,278,278,278,0.006594,1.000000,1.000000,1.000000
14170,14179,CCCC1C=CC(CC)CC1O,4,CCCCCC1C=CC(CCCC)C(O)C1,6,278,278,278,0.006594,1.000000,1.000000,1.000000
14170,14083,CCCC1C=CC(CC)CC1O,4,CCC1C=CC(C)CC1O,3,278,278,278,0.006594,1.000000,1.000000,1.000000
14170,14098,CCCC1C=CC(CC)CC1O,4,CCCC1C=CC(CC)C(O)C1,4,278,278,278,0.006594,1.000000,1.000000,1.000000
14170,14099,CCCC1C=CC(CC)CC1O,4,CCC1C=CC(C)C(O)C1,3,278,278,278,0.006594,1.000000,1.000000,1.000000
14170,14117,CCCC1C=CC(CC)CC1O,4,C=CC(CCCC)C(C)O,3,278,278,278,0.006594,1.000000,1.000000,1.000000
14170,14118,CCCC1C=CC(CC)CC1O,4,CCCCCC1C=CC(CCC)C(O)C1,6,278,278,278,0.006594,1.000000,1.000000,1.000000
14171,14180,CCCCCC1C=CCC(O)C1,4,CCCCCC1C=CC(CC)C(O)C1,5,278,278,278,0.006594,1.000000,1.000000,1.000000
14172,14092,C=C(C)C(C(C)C)C(C)(C)C,2,CC1=CC(=O)OC1C(C)C,3,278,278,278,0.006594,1.000000,1.000000,1.000000
14172,14101,C=C(C)C(C(C)C)C(C)(C)C,2,CCC1CC(C(C)N)C(O)CC1C,3,278,278,278,0.006594,1.000000,1.000000,1.000000
14172,14103,C=C(C)C(C(C)C)C(C)(C)C,2,C=C1CC(C)CC2CC(C)(O)C(C)(C)C12,3,278,278,278,0.006594,1.000000,1.000000,1.000000
14172,14105,C=C(C)C(C(C)C)C(C)(C)C,2,CC1CCC(C(C)N)C2OC(=O)C=C12,3,278,278,278,0.006594,1.000000,1.000000,1.000000
14172,14111,C=C(C)C(C(C)C)C(C)(C)C,2,CC(C)C1=CC(=O)OC1C(C)C,4,278,278,278,0.006594,1.000000,1.000000,1.000000
14172,14123,C=C(C)C(C(C)C)C(C)(C)C,2,CC1CC(C)C(C(C)(C)C)C2=CC(=O)OC21,3,278,278,278,0.006594,1.000000,1.000000,1.000000
14172,14137,C=C(C)C(C(C)C)C(C)(C)C,2,CC(N)C1CC(C)C(C(C)(C)C)C2=CC(=O)OC21,5,278,278,278,0.006594,1.000000,1.000000,1.000000
14165,14117,CCCCC1C=CC(C)CC1O,4,C=CC(CCCC)C(C)O,3,278,278,278,0.006594,1.000000,1.000000,1.000000
14170,14180,CCCC1C=CC(CC)CC1O,4,CCCCCC1C=CC(CC)C(O)C1,5,278,278,278,0.006594,1.000000,1.000000,1.000000
14173,14150,CC(C)c1cc[nH]c1,3,ccc(c[nH])C(C)C,2,278,278,278,0.006594,1.000000,1.000000,1.000000
14177,14083,CCCCC1C=CC(C)C(O)C1,4,CCC1C=CC(C)CC1O,3,278,278,278,0.006594,1.000000,1.000000,1.000000
14177,14098,CCCCC1C=CC(C)C(O)C1,4,CCCC1C=CC(CC)C(O)C1,4,278,278,278,0.006594,1.000000,1.000000,1.000000
14098,14159,CCCC1C=CC(CC)C(O)C1,4,C=CC(CC)CCCCC,4,278,278,278,0.006594,1.000000,1.000000,1.000000
14098,14165,CCCC1C=CC(CC)C(O)C1,4,CCCCC1C=CC(C)CC1O,4,278,278,278,0.006594,1.000000,1.000000,1.000000
14085,14135,CC(C)N1C(=O)CCCC1O,3,CC(=O)N(C(C)C)C(C)O,2,278,278,278,0.006594,1.000000,1.000000,1.000000
14086,14161,CC(=O)N1CC2CC(C1)c1cccc(=O)n1C2,4,cc1n(c(c)=O)CC2CC1CN(C(C)=O)C2,4,278,278,278,0.006594,1.000000,1.000000,1.000000
14092,14101,CC1=CC(=O)OC1C(C)C,3,CCC1CC(C(C)N)C(O)CC1C,3,278,278,278,0.006594,1.000000,1.000000,1.000000
14092,14103,CC1=CC(=O)OC1C(C)C,3,C=C1CC(C)CC2CC(C)(O)C(C)(C)C12,3,278,278,278,0.006594,1.000000,1.000000,1.000000
14092,14105,CC1=CC(=O)OC1C(C)C,3,CC1CCC(C(C)N)C2OC(=O)C=C12,3,278,278,278,0.006594,1.000000,1.000000,1.000000
14145,14117,CCCC1C=CCC(O)C1,3,C=CC(CCCC)C(C)O,3,278,278,278,0.006594,1.000000,1.000000,1.000000
14159,14118,C=CC(CC)CCCCC,4,CCCCCC1C=CC(CCC)C(O)C1,6,278,278,278,0.006594,1.000000,1.000000,1.000000
14083,14117,CCC1C=CC(C)CC1O,3,C=CC(CCCC)C(C)O,3,278,278,278,0.006594,1.000000,1.000000,1.000000
14083,14118,CCC1C=CC(C)CC1O,3,CCCCCC1C=CC(CCC)C(O)C1,6,278,278,278,0.006594,1.000000,1.000000,1.000000
14151,14180,CCCCCC1C=CC(C)C(O)C1,5,CCCCCC1C=CC(CC)C(O)C1,5,278,278,278,0.006594,1.000000,1.000000,1.000000
14150,14173,ccc(c[nH])C(C)C,2,CC(C)c1cc[nH]c1,3,278,278,278,0.006594,1.000000,1.000000,1.000000
14151,14083,CCCCCC1C=CC(C)C(O)C1,5,CCC1C=CC(C)CC1O,3,278,278,278,0.006594,1.000000,1.000000,1.000000
14151,14098,CCCCCC1C=CC(C)C(O)C1,5,CCCC1C=CC(CC)C(O)C1,4,278,278,278,0.006594,1.000000,1.000000,1.000000
14151,14099,CCCCCC1C=CC(C)C(O)C1,5,CCC1C=CC(C)C(O)C1,3,278,278,278,0.006594,1.000000,1.000000,1.000000
14151,14117,CCCCCC1C=CC(C)C(O)C1,5,C=CC(CCCC)C(C)O,3,278,278,278,0.006594,1.000000,1.000000,1.000000
14083,14180,CCC1C=CC(C)CC1O,3,CCCCCC1C=CC(CC)C(O)C1,5,278,278,278,0.006594,1.000000,1.000000,1.000000
14081,14157,CCCC(N=C(O)C(C)C(C)N)C(=O)O,4,C=CC(N=C)C(C)C(O)=NC(CC)C(=O)O,4,278,278,278,0.006594,1.000000,1.000000,1.000000
14083,14098,CCC1C=CC(C)CC1O,3,CCCC1C=CC(CC)C(O)C1,4,278,278,278,0.006594,1.000000,1.000000,1.000000
14159,14099,C=CC(CC)CCCCC,4,CCC1C=CC(C)C(O)C1,3,278,278,278,0.006594,1.000000,1.000000,1.000000
14159,14117,C=CC(CC)CCCCC,4,C=CC(CCCC)C(C)O,3,278,278,278,0.006594,1.000000,1.000000,1.000000
14083,14099,CCC1C=CC(C)CC1O,3,CCC1C=CC(C)C(O)C1,3,278,278,278,0.006594,1.000000,1.000000,1.000000
9157,9152,CCC1CNC(=O)C2CC(N)CN12,3,CC(N)CN(C)C,2,422,422,422,0.009520,1.000000,1.000000,1.000000
9147,9146,CCCC1CNC(=O)C2CC(N)CN12,5,CC1CNC(=O)C2CC(N)CN12,3,422,422,422,0.009520,1.000000,1.000000,1.000000
9147,9152,CCCC1CNC(=O)C2CC(N)CN12,5,CC(N)CN(C)C,2,422,422,422,0.009520,1.000000,1.000000,1.000000
9147,9157,CCCC1CNC(=O)C2CC(N)CN12,5,CCC1CNC(=O)C2CC(N)CN12,3,422,422,422,0.009520,1.000000,1.000000,1.000000
9157,9146,CCC1CNC(=O)C2CC(N)CN12,3,CC1CNC(=O)C2CC(N)CN12,3,422,422,422,0.009520,1.000000,1.000000,1.000000
9149,9153,NCc1ccc(O)cc1,3,COc1cc(CN)ccc1O,3,422,422,422,0.009520,1.000000,1.000000,1.000000
9146,9147,CC1CNC(=O)C2CC(N)CN12,3,CCCC1CNC(=O)C2CC(N)CN12,5,422,422,422,0.009520,1.000000,1.000000,1.000000
9146,9152,CC1CNC(=O)C2CC(N)CN12,3,CC(N)CN(C)C,2,422,422,422,0.009520,1.000000,1.000000,1.000000
9146,9157,CC1CNC(=O)C2CC(N)CN12,3,CCC1CNC(=O)C2CC(N)CN12,3,422,422,422,0.009520,1.000000,1.000000,1.000000
9152,9147,CC(N)CN(C)C,2,CCCC1CNC(=O)C2CC(N)CN12,5,422,422,422,0.009520,1.000000,1.000000,1.000000
14151,14127,CCCCCC1C=CC(C)C(O)C1,5,CCCCC1C=CC(CCC)C(O)C1,5,278,278,278,0.006594,1.000000,1.000000,1.000000
14151,14129,CCCCCC1C=CC(C)C(O)C1,5,CCCC1C=CCCC1O,3,278,278,278,0.006594,1.000000,1.000000,1.000000
14151,14134,CCCCCC1C=CC(C)C(O)C1,5,CCCCC1C=CC(CCC)CC1O,5,278,278,278,0.006594,1.000000,1.000000,1.000000
14123,14103,CC1CC(C)C(C(C)(C)C)C2=CC(=O)OC21,3,C=C1CC(C)CC2CC(C)(O)C(C)(C)C12,3,278,278,278,0.006594,1.000000,1.000000,1.000000
14117,14134,C=CC(CCCC)C(C)O,3,CCCCC1C=CC(CCC)CC1O,5,278,278,278,0.006594,1.000000,1.000000,1.000000
14117,14145,C=CC(CCCC)C(C)O,3,CCCC1C=CCC(O)C1,3,278,278,278,0.006594,1.000000,1.000000,1.000000
14117,14151,C=CC(CCCC)C(C)O,3,CCCCCC1C=CC(C)C(O)C1,5,278,278,278,0.006594,1.000000,1.000000,1.000000
14117,14159,C=CC(CCCC)C(C)O,3,C=CC(CC)CCCCC,4,278,278,278,0.006594,1.000000,1.000000,1.000000
14117,14165,C=CC(CCCC)C(C)O,3,CCCCC1C=CC(C)CC1O,4,278,278,278,0.006594,1.000000,1.000000,1.000000
14127,14179,CCCCC1C=CC(CCC)C(O)C1,5,CCCCCC1C=CC(CCCC)C(O)C1,6,278,278,278,0.006594,1.000000,1.000000,1.000000
14092,14172,CC1=CC(=O)OC1C(C)C,3,C=C(C)C(C(C)C)C(C)(C)C,2,278,278,278,0.006594,1.000000,1.000000,1.000000
14105,14101,CC1CCC(C(C)N)C2OC(=O)C=C12,3,CCC1CC(C(C)N)C(O)CC1C,3,278,278,278,0.006594,1.000000,1.000000,1.000000
14117,14083,C=CC(CCCC)C(C)O,3,CCC1C=CC(C)CC1O,3,278,278,278,0.006594,1.000000,1.000000,1.000000
14117,14167,C=CC(CCCC)C(C)O,3,C=CC(CC)C(C)O,2,278,278,278,0.006594,1.000000,1.000000,1.000000
14118,14167,CCCCCC1C=CC(CCC)C(O)C1,6,C=CC(CC)C(C)O,2,278,278,278,0.006594,1.000000,1.000000,1.000000
14117,14127,C=CC(CCCC)C(C)O,3,CCCCC1C=CC(CCC)C(O)C1,5,278,278,278,0.006594,1.000000,1.000000,1.000000
14127,14180,CCCCC1C=CC(CCC)C(O)C1,5,CCCCCC1C=CC(CC)C(O)C1,5,278,278,278,0.006594,1.000000,1.000000,1.000000
14151,14145,CCCCCC1C=CC(C)C(O)C1,5,CCCC1C=CCC(O)C1,3,278,278,278,0.006594,1.000000,1.000000,1.000000
14123,14105,CC1CC(C)C(C(C)(C)C)C2=CC(=O)OC21,3,CC1CCC(C(C)N)C2OC(=O)C=C12,3,278,278,278,0.006594,1.000000,1.000000,1.000000
14123,14111,CC1CC(C)C(C(C)(C)C)C2=CC(=O)OC21,3,CC(C)C1=CC(=O)OC1C(C)C,4,278,278,278,0.006594,1.000000,1.000000,1.000000
14111,14172,CC(C)C1=CC(=O)OC1C(C)C,4,C=C(C)C(C(C)C)C(C)(C)C,2,278,278,278,0.006594,1.000000,1.000000,1.000000
14118,14171,CCCCCC1C=CC(CCC)C(O)C1,6,CCCCCC1C=CCC(O)C1,4,278,278,278,0.006594,1.000000,1.000000,1.000000
14118,14177,CCCCCC1C=CC(CCC)C(O)C1,6,CCCCC1C=CC(C)C(O)C1,4,278,278,278,0.006594,1.000000,1.000000,1.000000
14118,14179,CCCCCC1C=CC(CCC)C(O)C1,6,CCCCCC1C=CC(CCCC)C(O)C1,6,278,278,278,0.006594,1.000000,1.000000,1.000000
14118,14180,CCCCCC1C=CC(CCC)C(O)C1,6,CCCCCC1C=CC(CC)C(O)C1,5,278,278,278,0.006594,1.000000,1.000000,1.000000
14120,14112,O=C(O)c1ccco1,3,ccc(oc)C(=O)O,2,278,278,278,0.006594,1.000000,1.000000,1.000000
14112,14120,ccc(oc)C(=O)O,2,O=C(O)c1ccco1,3,278,278,278,0.006594,1.000000,1.000000,1.000000
14117,14177,C=CC(CCCC)C(C)O,3,CCCCC1C=CC(C)C(O)C1,4,278,278,278,0.006594,1.000000,1.000000,1.000000
14117,14179,C=CC(CCCC)C(C)O,3,CCCCCC1C=CC(CCCC)C(O)C1,6,278,278,278,0.006594,1.000000,1.000000,1.000000
14117,14180,C=CC(CCCC)C(C)O,3,CCCCCC1C=CC(CC)C(O)C1,5,278,278,278,0.006594,1.000000,1.000000,1.000000
14117,14098,C=CC(CCCC)C(C)O,3,CCCC1C=CC(CC)C(O)C1,4,278,278,278,0.006594,1.000000,1.000000,1.000000
14145,14170,CCCC1C=CCC(O)C1,3,CCCC1C=CC(CC)CC1O,4,278,278,278,0.006594,1.000000,1.000000,1.000000
14083,14151,CCC1C=CC(C)CC1O,3,CCCCCC1C=CC(C)C(O)C1,5,278,278,278,0.006594,1.000000,1.000000,1.000000
14083,14159,CCC1C=CC(C)CC1O,3,C=CC(CC)CCCCC,4,278,278,278,0.006594,1.000000,1.000000,1.000000
14083,14165,CCC1C=CC(C)CC1O,3,CCCCC1C=CC(C)CC1O,4,278,278,278,0.006594,1.000000,1.000000,1.000000
14083,14167,CCC1C=CC(C)CC1O,3,C=CC(CC)C(C)O,2,278,278,278,0.006594,1.000000,1.000000,1.000000
14145,14129,CCCC1C=CCC(O)C1,3,CCCC1C=CCCC1O,3,278,278,278,0.006594,1.000000,1.000000,1.000000
14145,14134,CCCC1C=CCC(O)C1,3,CCCCC1C=CC(CCC)CC1O,5,278,278,278,0.006594,1.000000,1.000000,1.000000
14145,14151,CCCC1C=CCC(O)C1,3,CCCCCC1C=CC(C)C(O)C1,5,278,278,278,0.006594,1.000000,1.000000,1.000000
9152,9146,CC(N)CN(C)C,2,CC1CNC(=O)C2CC(N)CN12,3,422,422,422,0.009520,1.000000,1.000000,1.000000
9153,9149,COc1cc(CN)ccc1O,3,NCc1ccc(O)cc1,3,422,422,422,0.009520,1.000000,1.000000,1.000000
9157,9147,CCC1CNC(=O)C2CC(N)CN12,3,CCCC1CNC(=O)C2CC(N)CN12,5,422,422,422,0.009520,1.000000,1.000000,1.000000
14145,14159,CCCC1C=CCC(O)C1,3,C=CC(CC)CCCCC,4,278,278,278,0.006594,1.000000,1.000000,1.000000
14145,14165,CCCC1C=CCC(O)C1,3,CCCCC1C=CC(C)CC1O,4,278,278,278,0.006594,1.000000,1.000000,1.000000
14145,14167,CCCC1C=CCC(O)C1,3,C=CC(CC)C(C)O,2,278,278,278,0.006594,1.000000,1.000000,1.000000
14083,14145,CCC1C=CC(C)CC1O,3,CCCC1C=CCC(O)C1,3,278,278,278,0.006594,1.000000,1.000000,1.000000
14083,14170,CCC1C=CC(C)CC1O,3,CCCC1C=CC(CC)CC1O,4,278,278,278,0.006594,1.000000,1.000000,1.000000
14159,14145,C=CC(CC)CCCCC,4,CCCC1C=CCC(O)C1,3,278,278,278,0.006594,1.000000,1.000000,1.000000
14159,14151,C=CC(CC)CCCCC,4,CCCCCC1C=CC(C)C(O)C1,5,278,278,278,0.006594,1.000000,1.000000,1.000000
14159,14165,C=CC(CC)CCCCC,4,CCCCC1C=CC(C)CC1O,4,278,278,278,0.006594,1.000000,1.000000,1.000000
14159,14167,C=CC(CC)CCCCC,4,C=CC(CC)C(C)O,2,278,278,278,0.006594,1.000000,1.000000,1.000000
14167,14083,C=CC(CC)C(C)O,2,CCC1C=CC(C)CC1O,3,278,278,278,0.006594,1.000000,1.000000,1.000000
14167,14098,C=CC(CC)C(C)O,2,CCCC1C=CC(CC)C(O)C1,4,278,278,278,0.006594,1.000000,1.000000,1.000000
14167,14099,C=CC(CC)C(C)O,2,CCC1C=CC(C)C(O)C1,3,278,278,278,0.006594,1.000000,1.000000,1.000000
14167,14117,C=CC(CC)C(C)O,2,C=CC(CCCC)C(C)O,3,278,278,278,0.006594,1.000000,1.000000,1.000000
14167,14118,C=CC(CC)C(C)O,2,CCCCCC1C=CC(CCC)C(O)C1,6,278,278,278,0.006594,1.000000,1.000000,1.000000
14165,14083,CCCCC1C=CC(C)CC1O,4,CCC1C=CC(C)CC1O,3,278,278,278,0.006594,1.000000,1.000000,1.000000
14165,14098,CCCCC1C=CC(C)CC1O,4,CCCC1C=CC(CC)C(O)C1,4,278,278,278,0.006594,1.000000,1.000000,1.000000
14165,14099,CCCCC1C=CC(C)CC1O,4,CCC1C=CC(C)C(O)C1,3,278,278,278,0.006594,1.000000,1.000000,1.000000
14161,14086,cc1n(c(c)=O)CC2CC1CN(C(C)=O)C2,4,CC(=O)N1CC2CC(C1)c1cccc(=O)n1C2,4,278,278,278,0.006594,1.000000,1.000000,1.000000
14151,14159,CCCCCC1C=CC(C)C(O)C1,5,C=CC(CC)CCCCC,4,278,278,278,0.006594,1.000000,1.000000,1.000000
14151,14165,CCCCCC1C=CC(C)C(O)C1,5,CCCCC1C=CC(C)CC1O,4,278,278,278,0.006594,1.000000,1.000000,1.000000
14151,14167,CCCCCC1C=CC(C)C(O)C1,5,C=CC(CC)C(C)O,2,278,278,278,0.006594,1.000000,1.000000,1.000000
14151,14170,CCCCCC1C=CC(C)C(O)C1,5,CCCC1C=CC(CC)CC1O,4,278,278,278,0.006594,1.000000,1.000000,1.000000
14151,14171,CCCCCC1C=CC(C)C(O)C1,5,CCCCCC1C=CCC(O)C1,4,278,278,278,0.006594,1.000000,1.000000,1.000000
14151,14177,CCCCCC1C=CC(C)C(O)C1,5,CCCCC1C=CC(C)C(O)C1,4,278,278,278,0.006594,1.000000,1.000000,1.000000
14151,14179,CCCCCC1C=CC(C)C(O)C1,5,CCCCCC1C=CC(CCCC)C(O)C1,6,278,278,278,0.006594,1.000000,1.000000,1.000000
14159,14170,C=CC(CC)CCCCC,4,CCCC1C=CC(CC)CC1O,4,278,278,278,0.006594,1.000000,1.000000,1.000000
14159,14171,C=CC(CC)CCCCC,4,CCCCCC1C=CCC(O)C1,4,278,278,278,0.006594,1.000000,1.000000,1.000000
14159,14177,C=CC(CC)CCCCC,4,CCCCC1C=CC(C)C(O)C1,4,278,278,278,0.006594,1.000000,1.000000,1.000000
14159,14179,C=CC(CC)CCCCC,4,CCCCCC1C=CC(CCCC)C(O)C1,6,278,278,278,0.006594,1.000000,1.000000,1.000000
14159,14180,C=CC(CC)CCCCC,4,CCCCCC1C=CC(CC)C(O)C1,5,278,278,278,0.006594,1.000000,1.000000,1.000000
9152,9157,CC(N)CN(C)C,2,CCC1CNC(=O)C2CC(N)CN12,3,422,422,422,0.009520,1.000000,1.000000,1.000000
14179,14165,CCCCCC1C=CC(CCCC)C(O)C1,6,CCCCC1C=CC(C)CC1O,4,278,278,278,0.006594,1.000000,1.000000,1.000000
14157,14081,C=CC(N=C)C(C)C(O)=NC(CC)C(=O)O,4,CCCC(N=C(O)C(C)C(C)N)C(=O)O,4,278,278,278,0.006594,1.000000,1.000000,1.000000
14159,14083,C=CC(CC)CCCCC,4,CCC1C=CC(C)CC1O,3,278,278,278,0.006594,1.000000,1.000000,1.000000
14159,14098,C=CC(CC)CCCCC,4,CCCC1C=CC(CC)C(O)C1,4,278,278,278,0.006594,1.000000,1.000000,1.000000
14165,14127,CCCCC1C=CC(C)CC1O,4,CCCCC1C=CC(CCC)C(O)C1,5,278,278,278,0.006594,1.000000,1.000000,1.000000
14165,14129,CCCCC1C=CC(C)CC1O,4,CCCC1C=CCCC1O,3,278,278,278,0.006594,1.000000,1.000000,1.000000
14165,14134,CCCCC1C=CC(C)CC1O,4,CCCCC1C=CC(CCC)CC1O,5,278,278,278,0.006594,1.000000,1.000000,1.000000
14165,14145,CCCCC1C=CC(C)CC1O,4,CCCC1C=CCC(O)C1,3,278,278,278,0.006594,1.000000,1.000000,1.000000
14165,14151,CCCCC1C=CC(C)CC1O,4,CCCCCC1C=CC(C)C(O)C1,5,278,278,278,0.006594,1.000000,1.000000,1.000000
14165,14159,CCCCC1C=CC(C)CC1O,4,C=CC(CC)CCCCC,4,278,278,278,0.006594,1.000000,1.000000,1.000000
14159,14127,C=CC(CC)CCCCC,4,CCCCC1C=CC(CCC)C(O)C1,5,278,278,278,0.006594,1.000000,1.000000,1.000000
14159,14129,C=CC(CC)CCCCC,4,CCCC1C=CCCC1O,3,278,278,278,0.006594,1.000000,1.000000,1.000000
14159,14134,C=CC(CC)CCCCC,4,CCCCC1C=CC(CCC)CC1O,5,278,278,278,0.006594,1.000000,1.000000,1.000000
14127,14159,CCCCC1C=CC(CCC)C(O)C1,5,C=CC(CC)CCCCC,4,278,278,278,0.006594,1.000000,1.000000,1.000000
14099,14159,CCC1C=CC(C)C(O)C1,3,C=CC(CC)CCCCC,4,278,278,278,0.006594,1.000000,1.000000,1.000000
14099,14165,CCC1C=CC(C)C(O)C1,3,CCCCC1C=CC(C)CC1O,4,278,278,278,0.006594,1.000000,1.000000,1.000000
14099,14167,CCC1C=CC(C)C(O)C1,3,C=CC(CC)C(C)O,2,278,278,278,0.006594,1.000000,1.000000,1.000000
14099,14170,CCC1C=CC(C)C(O)C1,3,CCCC1C=CC(CC)CC1O,4,278,278,278,0.006594,1.000000,1.000000,1.000000
14129,14151,CCCC1C=CCCC1O,3,CCCCCC1C=CC(C)C(O)C1,5,278,278,278,0.006594,1.000000,1.000000,1.000000
14129,14159,CCCC1C=CCCC1O,3,C=CC(CC)CCCCC,4,278,278,278,0.006594,1.000000,1.000000,1.000000
14129,14170,CCCC1C=CCCC1O,3,CCCC1C=CC(CC)CC1O,4,278,278,278,0.006594,1.000000,1.000000,1.000000
14127,14099,CCCCC1C=CC(CCC)C(O)C1,5,CCC1C=CC(C)C(O)C1,3,278,278,278,0.006594,1.000000,1.000000,1.000000
14127,14117,CCCCC1C=CC(CCC)C(O)C1,5,C=CC(CCCC)C(C)O,3,278,278,278,0.006594,1.000000,1.000000,1.000000
14127,14118,CCCCC1C=CC(CCC)C(O)C1,5,CCCCCC1C=CC(CCC)C(O)C1,6,278,278,278,0.006594,1.000000,1.000000,1.000000
14127,14129,CCCCC1C=CC(CCC)C(O)C1,5,CCCC1C=CCCC1O,3,278,278,278,0.006594,1.000000,1.000000,1.000000
14127,14134,CCCCC1C=CC(CCC)C(O)C1,5,CCCCC1C=CC(CCC)CC1O,5,278,278,278,0.006594,1.000000,1.000000,1.000000
14127,14145,CCCCC1C=CC(CCC)C(O)C1,5,CCCC1C=CCC(O)C1,3,278,278,278,0.006594,1.000000,1.000000,1.000000
14127,14151,CCCCC1C=CC(CCC)C(O)C1,5,CCCCCC1C=CC(C)C(O)C1,5,278,278,278,0.006594,1.000000,1.000000,1.000000
14099,14151,CCC1C=CC(C)C(O)C1,3,CCCCCC1C=CC(C)C(O)C1,5,278,278,278,0.006594,1.000000,1.000000,1.000000
14127,14165,CCCCC1C=CC(CCC)C(O)C1,5,CCCCC1C=CC(C)CC1O,4,278,278,278,0.006594,1.000000,1.000000,1.000000
14127,14167,CCCCC1C=CC(CCC)C(O)C1,5,C=CC(CC)C(C)O,2,278,278,278,0.006594,1.000000,1.000000,1.000000
14127,14170,CCCCC1C=CC(CCC)C(O)C1,5,CCCC1C=CC(CC)CC1O,4,278,278,278,0.006594,1.000000,1.000000,1.000000
14127,14171,CCCCC1C=CC(CCC)C(O)C1,5,CCCCCC1C=CCC(O)C1,4,278,278,278,0.006594,1.000000,1.000000,1.000000
14127,14177,CCCCC1C=CC(CCC)C(O)C1,5,CCCCC1C=CC(C)C(O)C1,4,278,278,278,0.006594,1.000000,1.000000,1.000000
14371,14385,ccc1c(c)C(=O)NC(CCC)C(=O)N1,4,ccc1c(c)NC(=O)C(CCC)NC1=O,4,274,274,274,0.006510,1.000000,1.000000,1.000000
14123,14137,CC1CC(C)C(C(C)(C)C)C2=CC(=O)OC21,3,CC(N)C1CC(C)C(C(C)(C)C)C2=CC(=O)OC21,5,278,278,278,0.006594,1.000000,1.000000,1.000000
14123,14172,CC1CC(C)C(C(C)(C)C)C2=CC(=O)OC21,3,C=C(C)C(C(C)C)C(C)(C)C,2,278,278,278,0.006594,1.000000,1.000000,1.000000
14127,14083,CCCCC1C=CC(CCC)C(O)C1,5,CCC1C=CC(C)CC1O,3,278,278,278,0.006594,1.000000,1.000000,1.000000
14127,14098,CCCCC1C=CC(CCC)C(O)C1,5,CCCC1C=CC(CC)C(O)C1,4,278,278,278,0.006594,1.000000,1.000000,1.000000
14123,14092,CC1CC(C)C(C(C)(C)C)C2=CC(=O)OC21,3,CC1=CC(=O)OC1C(C)C,3,278,278,278,0.006594,1.000000,1.000000,1.000000
14123,14101,CC1CC(C)C(C(C)(C)C)C2=CC(=O)OC21,3,CCC1CC(C(C)N)C(O)CC1C,3,278,278,278,0.006594,1.000000,1.000000,1.000000
14103,14123,C=C1CC(C)CC2CC(C)(O)C(C)(C)C12,3,CC1CC(C)C(C(C)(C)C)C2=CC(=O)OC21,3,278,278,278,0.006594,1.000000,1.000000,1.000000
14103,14137,C=C1CC(C)CC2CC(C)(O)C(C)(C)C12,3,CC(N)C1CC(C)C(C(C)(C)C)C2=CC(=O)OC21,5,278,278,278,0.006594,1.000000,1.000000,1.000000
14134,14145,CCCCC1C=CC(CCC)CC1O,5,CCCC1C=CCC(O)C1,3,278,278,278,0.006594,1.000000,1.000000,1.000000
14179,14171,CCCCCC1C=CC(CCCC)C(O)C1,6,CCCCCC1C=CCC(O)C1,4,278,278,278,0.006594,1.000000,1.000000,1.000000
14348,14388,cc(C)c1c(c)C(=C(C)C)C(C=O)=C(C(=O)OCC)O1,4,C=C1cc(c)OC(C(=O)OC)=C1C=O,3,274,274,274,0.006510,1.000000,1.000000,1.000000
14351,14371,CCCC1NC(=O)c2ccccc2NC1=O,5,ccc1c(c)C(=O)NC(CCC)C(=O)N1,4,274,274,274,0.006510,1.000000,1.000000,1.000000
14351,14385,CCCC1NC(=O)c2ccccc2NC1=O,5,ccc1c(c)NC(=O)C(CCC)NC1=O,4,274,274,274,0.006510,1.000000,1.000000,1.000000
14352,14338,CON=C1C=C(C)CCC1,3,C=CC(CC)=NOCC,3,274,274,274,0.006510,1.000000,1.000000,1.000000
14352,14366,CON=C1C=C(C)CCC1,3,CCON=C1C=C(CC)C(C)(C)CC1,4,274,274,274,0.006510,1.000000,1.000000,1.000000
14371,14351,ccc1c(c)C(=O)NC(CCC)C(=O)N1,4,CCCC1NC(=O)c2ccccc2NC1=O,5,274,274,274,0.006510,1.000000,1.000000,1.000000
14134,14083,CCCCC1C=CC(CCC)CC1O,5,CCC1C=CC(C)CC1O,3,278,278,278,0.006594,1.000000,1.000000,1.000000
14134,14098,CCCCC1C=CC(CCC)CC1O,5,CCCC1C=CC(CC)C(O)C1,4,278,278,278,0.006594,1.000000,1.000000,1.000000
14134,14099,CCCCC1C=CC(CCC)CC1O,5,CCC1C=CC(C)C(O)C1,3,278,278,278,0.006594,1.000000,1.000000,1.000000
14134,14117,CCCCC1C=CC(CCC)CC1O,5,C=CC(CCCC)C(C)O,3,278,278,278,0.006594,1.000000,1.000000,1.000000
14134,14118,CCCCC1C=CC(CCC)CC1O,5,CCCCCC1C=CC(CCC)C(O)C1,6,278,278,278,0.006594,1.000000,1.000000,1.000000
14134,14127,CCCCC1C=CC(CCC)CC1O,5,CCCCC1C=CC(CCC)C(O)C1,5,278,278,278,0.006594,1.000000,1.000000,1.000000
14134,14129,CCCCC1C=CC(CCC)CC1O,5,CCCC1C=CCCC1O,3,278,278,278,0.006594,1.000000,1.000000,1.000000
14103,14172,C=C1CC(C)CC2CC(C)(O)C(C)(C)C12,3,C=C(C)C(C(C)C)C(C)(C)C,2,278,278,278,0.006594,1.000000,1.000000,1.000000
14129,14083,CCCC1C=CCCC1O,3,CCC1C=CC(C)CC1O,3,278,278,278,0.006594,1.000000,1.000000,1.000000
14129,14098,CCCC1C=CCCC1O,3,CCCC1C=CC(CC)C(O)C1,4,278,278,278,0.006594,1.000000,1.000000,1.000000
14129,14099,CCCC1C=CCCC1O,3,CCC1C=CC(C)C(O)C1,3,278,278,278,0.006594,1.000000,1.000000,1.000000
14129,14117,CCCC1C=CCCC1O,3,C=CC(CCCC)C(C)O,3,278,278,278,0.006594,1.000000,1.000000,1.000000
14101,14111,CCC1CC(C(C)N)C(O)CC1C,3,CC(C)C1=CC(=O)OC1C(C)C,4,278,278,278,0.006594,1.000000,1.000000,1.000000
14101,14123,CCC1CC(C(C)N)C(O)CC1C,3,CC1CC(C)C(C(C)(C)C)C2=CC(=O)OC21,3,278,278,278,0.006594,1.000000,1.000000,1.000000
14101,14137,CCC1CC(C(C)N)C(O)CC1C,3,CC(N)C1CC(C)C(C(C)(C)C)C2=CC(=O)OC21,5,278,278,278,0.006594,1.000000,1.000000,1.000000
14101,14172,CCC1CC(C(C)N)C(O)CC1C,3,C=C(C)C(C(C)C)C(C)(C)C,2,278,278,278,0.006594,1.000000,1.000000,1.000000
14103,14092,C=C1CC(C)CC2CC(C)(O)C(C)(C)C12,3,CC1=CC(=O)OC1C(C)C,3,278,278,278,0.006594,1.000000,1.000000,1.000000
14103,14101,C=C1CC(C)CC2CC(C)(O)C(C)(C)C12,3,CCC1CC(C(C)N)C(O)CC1C,3,278,278,278,0.006594,1.000000,1.000000,1.000000
14103,14105,C=C1CC(C)CC2CC(C)(O)C(C)(C)C12,3,CC1CCC(C(C)N)C2OC(=O)C=C12,3,278,278,278,0.006594,1.000000,1.000000,1.000000
14103,14111,C=C1CC(C)CC2CC(C)(O)C(C)(C)C12,3,CC(C)C1=CC(=O)OC1C(C)C,4,278,278,278,0.006594,1.000000,1.000000,1.000000
14099,14145,CCC1C=CC(C)C(O)C1,3,CCCC1C=CCC(O)C1,3,278,278,278,0.006594,1.000000,1.000000,1.000000
14117,14099,C=CC(CCCC)C(C)O,3,CCC1C=CC(C)C(O)C1,3,278,278,278,0.006594,1.000000,1.000000,1.000000
14105,14111,CC1CCC(C(C)N)C2OC(=O)C=C12,3,CC(C)C1=CC(=O)OC1C(C)C,4,278,278,278,0.006594,1.000000,1.000000,1.000000
14105,14123,CC1CCC(C(C)N)C2OC(=O)C=C12,3,CC1CC(C)C(C(C)(C)C)C2=CC(=O)OC21,3,278,278,278,0.006594,1.000000,1.000000,1.000000
14105,14137,CC1CCC(C(C)N)C2OC(=O)C=C12,3,CC(N)C1CC(C)C(C(C)(C)C)C2=CC(=O)OC21,5,278,278,278,0.006594,1.000000,1.000000,1.000000
14118,14098,CCCCCC1C=CC(CCC)C(O)C1,6,CCCC1C=CC(CC)C(O)C1,4,278,278,278,0.006594,1.000000,1.000000,1.000000
14118,14099,CCCCCC1C=CC(CCC)C(O)C1,6,CCC1C=CC(C)C(O)C1,3,278,278,278,0.006594,1.000000,1.000000,1.000000
14118,14117,CCCCCC1C=CC(CCC)C(O)C1,6,C=CC(CCCC)C(C)O,3,278,278,278,0.006594,1.000000,1.000000,1.000000
14118,14127,CCCCCC1C=CC(CCC)C(O)C1,6,CCCCC1C=CC(CCC)C(O)C1,5,278,278,278,0.006594,1.000000,1.000000,1.000000
14118,14129,CCCCCC1C=CC(CCC)C(O)C1,6,CCCC1C=CCCC1O,3,278,278,278,0.006594,1.000000,1.000000,1.000000
14118,14134,CCCCCC1C=CC(CCC)C(O)C1,6,CCCCC1C=CC(CCC)CC1O,5,278,278,278,0.006594,1.000000,1.000000,1.000000
14118,14145,CCCCCC1C=CC(CCC)C(O)C1,6,CCCC1C=CCC(O)C1,3,278,278,278,0.006594,1.000000,1.000000,1.000000
14118,14151,CCCCCC1C=CC(CCC)C(O)C1,6,CCCCCC1C=CC(C)C(O)C1,5,278,278,278,0.006594,1.000000,1.000000,1.000000
14118,14159,CCCCCC1C=CC(CCC)C(O)C1,6,C=CC(CC)CCCCC,4,278,278,278,0.006594,1.000000,1.000000,1.000000
14118,14165,CCCCCC1C=CC(CCC)C(O)C1,6,CCCCC1C=CC(C)CC1O,4,278,278,278,0.006594,1.000000,1.000000,1.000000
14117,14118,C=CC(CCCC)C(C)O,3,CCCCCC1C=CC(CCC)C(O)C1,6,278,278,278,0.006594,1.000000,1.000000,1.000000
14105,14103,CC1CCC(C(C)N)C2OC(=O)C=C12,3,C=C1CC(C)CC2CC(C)(O)C(C)(C)C12,3,278,278,278,0.006594,1.000000,1.000000,1.000000
14117,14170,C=CC(CCCC)C(C)O,3,CCCC1C=CC(CC)CC1O,4,278,278,278,0.006594,1.000000,1.000000,1.000000
14117,14171,C=CC(CCCC)C(C)O,3,CCCCCC1C=CCC(O)C1,4,278,278,278,0.006594,1.000000,1.000000,1.000000
14111,14123,CC(C)C1=CC(=O)OC1C(C)C,4,CC1CC(C)C(C(C)(C)C)C2=CC(=O)OC21,3,278,278,278,0.006594,1.000000,1.000000,1.000000
14111,14137,CC(C)C1=CC(=O)OC1C(C)C,4,CC(N)C1CC(C)C(C(C)(C)C)C2=CC(=O)OC21,5,278,278,278,0.006594,1.000000,1.000000,1.000000
14118,14083,CCCCCC1C=CC(CCC)C(O)C1,6,CCC1C=CC(C)CC1O,3,278,278,278,0.006594,1.000000,1.000000,1.000000
14083,14171,CCC1C=CC(C)CC1O,3,CCCCCC1C=CCC(O)C1,4,278,278,278,0.006594,1.000000,1.000000,1.000000
14083,14177,CCC1C=CC(C)CC1O,3,CCCCC1C=CC(C)C(O)C1,4,278,278,278,0.006594,1.000000,1.000000,1.000000
14083,14179,CCC1C=CC(C)CC1O,3,CCCCCC1C=CC(CCCC)C(O)C1,6,278,278,278,0.006594,1.000000,1.000000,1.000000
14151,14118,CCCCCC1C=CC(C)C(O)C1,5,CCCCCC1C=CC(CCC)C(O)C1,6,278,278,278,0.006594,1.000000,1.000000,1.000000
14147,14136,cN1C(=O)c2ccccc2C1N,3,ccc1c(c)C(N)N(c(c)c)C1=O,3,278,278,278,0.006594,1.000000,1.000000,1.000000
14149,14140,CC1OC(O)CC(O)C1O,3,CC1OCC(O)C(O)C1O,3,278,278,278,0.006594,1.000000,1.000000,1.000000
14092,14111,CC1=CC(=O)OC1C(C)C,3,CC(C)C1=CC(=O)OC1C(C)C,4,278,278,278,0.006594,1.000000,1.000000,1.000000
14092,14123,CC1=CC(=O)OC1C(C)C,3,CC1CC(C)C(C(C)(C)C)C2=CC(=O)OC21,3,278,278,278,0.006594,1.000000,1.000000,1.000000
14092,14137,CC1=CC(=O)OC1C(C)C,3,CC(N)C1CC(C)C(C(C)(C)C)C2=CC(=O)OC21,5,278,278,278,0.006594,1.000000,1.000000,1.000000
14394,14377,cnc(c[nH])CC,2,CCc1c[nH]cn1,3,274,274,274,0.006510,1.000000,1.000000,1.000000
14105,14092,CC1CCC(C(C)N)C2OC(=O)C=C12,3,CC1=CC(=O)OC1C(C)C,3,278,278,278,0.006594,1.000000,1.000000,1.000000
14129,14165,CCCC1C=CCCC1O,3,CCCCC1C=CC(C)CC1O,4,278,278,278,0.006594,1.000000,1.000000,1.000000
14129,14167,CCCC1C=CCCC1O,3,C=CC(CC)C(C)O,2,278,278,278,0.006594,1.000000,1.000000,1.000000
14377,14394,CCc1c[nH]cn1,3,cnc(c[nH])CC,2,274,274,274,0.006510,1.000000,1.000000,1.000000
14378,14355,cC=C1Oc2c(ccc(O)c2C)C1=O,4,C=C1Oc2c(ccc(O)c2C)C1=O,3,274,274,274,0.006510,1.000000,1.000000,1.000000
14382,14340,COC(=O)c1cc(O)cc(O)c1Oc,3,COC(=O)c1cc(O)c(O)c(O)c1Oc,4,274,274,274,0.006510,1.000000,1.000000,1.000000
14385,14351,ccc1c(c)NC(=O)C(CCC)NC1=O,4,CCCC1NC(=O)c2ccccc2NC1=O,5,274,274,274,0.006510,1.000000,1.000000,1.000000
14355,14378,C=C1Oc2c(ccc(O)c2C)C1=O,3,cC=C1Oc2c(ccc(O)c2C)C1=O,4,274,274,274,0.006510,1.000000,1.000000,1.000000
14366,14338,CCON=C1C=C(CC)C(C)(C)CC1,4,C=CC(CC)=NOCC,3,274,274,274,0.006510,1.000000,1.000000,1.000000
14366,14352,CCON=C1C=C(CC)C(C)(C)CC1,4,CON=C1C=C(C)CCC1,3,274,274,274,0.006510,1.000000,1.000000,1.000000
14386,14348,C=C1cc(c)OC(C(=O)OCC)=C1C=O,4,cc(C)c1c(c)C(=C(C)C)C(C=O)=C(C(=O)OCC)O1,4,274,274,274,0.006510,1.000000,1.000000,1.000000
14386,14388,C=C1cc(c)OC(C(=O)OCC)=C1C=O,4,C=C1cc(c)OC(C(=O)OC)=C1C=O,3,274,274,274,0.006510,1.000000,1.000000,1.000000
14388,14348,C=C1cc(c)OC(C(=O)OC)=C1C=O,3,cc(C)c1c(c)C(=C(C)C)C(C=O)=C(C(=O)OCC)O1,4,274,274,274,0.006510,1.000000,1.000000,1.000000
14388,14386,C=C1cc(c)OC(C(=O)OC)=C1C=O,3,C=C1cc(c)OC(C(=O)OCC)=C1C=O,4,274,274,274,0.006510,1.000000,1.000000,1.000000
14348,14386,cc(C)c1c(c)C(=C(C)C)C(C=O)=C(C(=O)OCC)O1,4,C=C1cc(c)OC(C(=O)OCC)=C1C=O,4,274,274,274,0.006510,1.000000,1.000000,1.000000
14385,14371,ccc1c(c)NC(=O)C(CCC)NC1=O,4,ccc1c(c)C(=O)NC(CCC)C(=O)N1,4,274,274,274,0.006510,1.000000,1.000000,1.000000
14105,14172,CC1CCC(C(C)N)C2OC(=O)C=C12,3,C=C(C)C(C(C)C)C(C)(C)C,2,278,278,278,0.006594,1.000000,1.000000,1.000000
14106,14110,Cc1ccccc1C(N)N,3,ccc(c(c)C)C(N)N,2,278,278,278,0.006594,1.000000,1.000000,1.000000
14106,14136,Cc1ccccc1C(N)N,3,ccc1c(c)C(N)N(c(c)c)C1=O,3,278,278,278,0.006594,1.000000,1.000000,1.000000
14106,14147,Cc1ccccc1C(N)N,3,cN1C(=O)c2ccccc2C1N,3,278,278,278,0.006594,1.000000,1.000000,1.000000
14110,14106,ccc(c(c)C)C(N)N,2,Cc1ccccc1C(N)N,3,278,278,278,0.006594,1.000000,1.000000,1.000000
14110,14136,ccc(c(c)C)C(N)N,2,ccc1c(c)C(N)N(c(c)c)C1=O,3,278,278,278,0.006594,1.000000,1.000000,1.000000
14110,14147,ccc(c(c)C)C(N)N,2,cN1C(=O)c2ccccc2C1N,3,278,278,278,0.006594,1.000000,1.000000,1.000000
14111,14092,CC(C)C1=CC(=O)OC1C(C)C,4,CC1=CC(=O)OC1C(C)C,3,278,278,278,0.006594,1.000000,1.000000,1.000000
14111,14101,CC(C)C1=CC(=O)OC1C(C)C,4,CCC1CC(C(C)N)C(O)CC1C,3,278,278,278,0.006594,1.000000,1.000000,1.000000
14111,14103,CC(C)C1=CC(=O)OC1C(C)C,4,C=C1CC(C)CC2CC(C)(O)C(C)(C)C12,3,278,278,278,0.006594,1.000000,1.000000,1.000000
14111,14105,CC(C)C1=CC(=O)OC1C(C)C,4,CC1CCC(C(C)N)C2OC(=O)C=C12,3,278,278,278,0.006594,1.000000,1.000000,1.000000
14118,14170,CCCCCC1C=CC(CCC)C(O)C1,6,CCCC1C=CC(CC)CC1O,4,278,278,278,0.006594,1.000000,1.000000,1.000000
14098,14099,CCCC1C=CC(CC)C(O)C1,4,CCC1C=CC(C)C(O)C1,3,278,278,278,0.006594,1.000000,1.000000,1.000000
14180,14127,CCCCCC1C=CC(CC)C(O)C1,5,CCCCC1C=CC(CCC)C(O)C1,5,278,278,278,0.006594,1.000000,1.000000,1.000000
14180,14129,CCCCCC1C=CC(CC)C(O)C1,5,CCCC1C=CCCC1O,3,278,278,278,0.006594,1.000000,1.000000,1.000000
14180,14134,CCCCCC1C=CC(CC)C(O)C1,5,CCCCC1C=CC(CCC)CC1O,5,278,278,278,0.006594,1.000000,1.000000,1.000000
14180,14145,CCCCCC1C=CC(CC)C(O)C1,5,CCCC1C=CCC(O)C1,3,278,278,278,0.006594,1.000000,1.000000,1.000000
14180,14167,CCCCCC1C=CC(CC)C(O)C1,5,C=CC(CC)C(C)O,2,278,278,278,0.006594,1.000000,1.000000,1.000000
14098,14180,CCCC1C=CC(CC)C(O)C1,4,CCCCCC1C=CC(CC)C(O)C1,5,278,278,278,0.006594,1.000000,1.000000,1.000000
14134,14151,CCCCC1C=CC(CCC)CC1O,5,CCCCCC1C=CC(C)C(O)C1,5,278,278,278,0.006594,1.000000,1.000000,1.000000
14099,14118,CCC1C=CC(C)C(O)C1,3,CCCCCC1C=CC(CCC)C(O)C1,6,278,278,278,0.006594,1.000000,1.000000,1.000000
14099,14127,CCC1C=CC(C)C(O)C1,3,CCCCC1C=CC(CCC)C(O)C1,5,278,278,278,0.006594,1.000000,1.000000,1.000000
14099,14129,CCC1C=CC(C)C(O)C1,3,CCCC1C=CCCC1O,3,278,278,278,0.006594,1.000000,1.000000,1.000000
14099,14134,CCC1C=CC(C)C(O)C1,3,CCCCC1C=CC(CCC)CC1O,5,278,278,278,0.006594,1.000000,1.000000,1.000000
14098,14083,CCCC1C=CC(CC)C(O)C1,4,CCC1C=CC(C)CC1O,3,278,278,278,0.006594,1.000000,1.000000,1.000000
14180,14118,CCCCCC1C=CC(CC)C(O)C1,5,CCCCCC1C=CC(CCC)C(O)C1,6,278,278,278,0.006594,1.000000,1.000000,1.000000
14098,14117,CCCC1C=CC(CC)C(O)C1,4,C=CC(CCCC)C(C)O,3,278,278,278,0.006594,1.000000,1.000000,1.000000
14137,14092,CC(N)C1CC(C)C(C(C)(C)C)C2=CC(=O)OC21,5,CC1=CC(=O)OC1C(C)C,3,278,278,278,0.006594,1.000000,1.000000,1.000000
14341,14337,ccc1c(c)OCCCO1,4,cc1c(c)OCCCO1,4,274,274,274,0.006510,1.000000,1.000000,1.000000
14137,14103,CC(N)C1CC(C)C(C(C)(C)C)C2=CC(=O)OC21,5,C=C1CC(C)CC2CC(C)(O)C(C)(C)C12,3,278,278,278,0.006594,1.000000,1.000000,1.000000
14137,14105,CC(N)C1CC(C)C(C(C)(C)C)C2=CC(=O)OC21,5,CC1CCC(C(C)N)C2OC(=O)C=C12,3,278,278,278,0.006594,1.000000,1.000000,1.000000
14137,14111,CC(N)C1CC(C)C(C(C)(C)C)C2=CC(=O)OC21,5,CC(C)C1=CC(=O)OC1C(C)C,4,278,278,278,0.006594,1.000000,1.000000,1.000000
14137,14123,CC(N)C1CC(C)C(C(C)(C)C)C2=CC(=O)OC21,5,CC1CC(C)C(C(C)(C)C)C2=CC(=O)OC21,3,278,278,278,0.006594,1.000000,1.000000,1.000000
14137,14172,CC(N)C1CC(C)C(C(C)(C)C)C2=CC(=O)OC21,5,C=C(C)C(C(C)C)C(C)(C)C,2,278,278,278,0.006594,1.000000,1.000000,1.000000
14180,14170,CCCCCC1C=CC(CC)C(O)C1,5,CCCC1C=CC(CC)CC1O,4,278,278,278,0.006594,1.000000,1.000000,1.000000
14180,14171,CCCCCC1C=CC(CC)C(O)C1,5,CCCCCC1C=CCC(O)C1,4,278,278,278,0.006594,1.000000,1.000000,1.000000
14180,14177,CCCCCC1C=CC(CC)C(O)C1,5,CCCCC1C=CC(C)C(O)C1,4,278,278,278,0.006594,1.000000,1.000000,1.000000
14179,14117,CCCCCC1C=CC(CCCC)C(O)C1,6,C=CC(CCCC)C(C)O,3,278,278,278,0.006594,1.000000,1.000000,1.000000
14179,14177,CCCCCC1C=CC(CCCC)C(O)C1,6,CCCCC1C=CC(C)C(O)C1,4,278,278,278,0.006594,1.000000,1.000000,1.000000
14177,14118,CCCCC1C=CC(C)C(O)C1,4,CCCCCC1C=CC(CCC)C(O)C1,6,278,278,278,0.006594,1.000000,1.000000,1.000000
14177,14127,CCCCC1C=CC(C)C(O)C1,4,CCCCC1C=CC(CCC)C(O)C1,5,278,278,278,0.006594,1.000000,1.000000,1.000000
14177,14129,CCCCC1C=CC(C)C(O)C1,4,CCCC1C=CCCC1O,3,278,278,278,0.006594,1.000000,1.000000,1.000000
14177,14134,CCCCC1C=CC(C)C(O)C1,4,CCCCC1C=CC(CCC)CC1O,5,278,278,278,0.006594,1.000000,1.000000,1.000000
14180,14151,CCCCCC1C=CC(CC)C(O)C1,5,CCCCCC1C=CC(C)C(O)C1,5,278,278,278,0.006594,1.000000,1.000000,1.000000
14180,14159,CCCCCC1C=CC(CC)C(O)C1,5,C=CC(CC)CCCCC,4,278,278,278,0.006594,1.000000,1.000000,1.000000
14180,14165,CCCCCC1C=CC(CC)C(O)C1,5,CCCCC1C=CC(C)CC1O,4,278,278,278,0.006594,1.000000,1.000000,1.000000
14179,14083,CCCCCC1C=CC(CCCC)C(O)C1,6,CCC1C=CC(C)CC1O,3,278,278,278,0.006594,1.000000,1.000000,1.000000
14179,14098,CCCCCC1C=CC(CCCC)C(O)C1,6,CCCC1C=CC(CC)C(O)C1,4,278,278,278,0.006594,1.000000,1.000000,1.000000
14179,14099,CCCCCC1C=CC(CCCC)C(O)C1,6,CCC1C=CC(C)C(O)C1,3,278,278,278,0.006594,1.000000,1.000000,1.000000
14137,14101,CC(N)C1CC(C)C(C(C)(C)C)C2=CC(=O)OC21,5,CCC1CC(C(C)N)C(O)CC1C,3,278,278,278,0.006594,1.000000,1.000000,1.000000
14179,14118,CCCCCC1C=CC(CCCC)C(O)C1,6,CCCCCC1C=CC(CCC)C(O)C1,6,278,278,278,0.006594,1.000000,1.000000,1.000000
14179,14127,CCCCCC1C=CC(CCCC)C(O)C1,6,CCCCC1C=CC(CCC)C(O)C1,5,278,278,278,0.006594,1.000000,1.000000,1.000000
14179,14129,CCCCCC1C=CC(CCCC)C(O)C1,6,CCCC1C=CCCC1O,3,278,278,278,0.006594,1.000000,1.000000,1.000000
14179,14134,CCCCCC1C=CC(CCCC)C(O)C1,6,CCCCC1C=CC(CCC)CC1O,5,278,278,278,0.006594,1.000000,1.000000,1.000000
14179,14145,CCCCCC1C=CC(CCCC)C(O)C1,6,CCCC1C=CCC(O)C1,3,278,278,278,0.006594,1.000000,1.000000,1.000000
14179,14151,CCCCCC1C=CC(CCCC)C(O)C1,6,CCCCCC1C=CC(C)C(O)C1,5,278,278,278,0.006594,1.000000,1.000000,1.000000
14179,14180,CCCCCC1C=CC(CCCC)C(O)C1,6,CCCCCC1C=CC(CC)C(O)C1,5,278,278,278,0.006594,1.000000,1.000000,1.000000
14180,14083,CCCCCC1C=CC(CC)C(O)C1,5,CCC1C=CC(C)CC1O,3,278,278,278,0.006594,1.000000,1.000000,1.000000
14180,14098,CCCCCC1C=CC(CC)C(O)C1,5,CCCC1C=CC(CC)C(O)C1,4,278,278,278,0.006594,1.000000,1.000000,1.000000
14180,14099,CCCCCC1C=CC(CC)C(O)C1,5,CCC1C=CC(C)C(O)C1,3,278,278,278,0.006594,1.000000,1.000000,1.000000
14180,14117,CCCCCC1C=CC(CC)C(O)C1,5,C=CC(CCCC)C(C)O,3,278,278,278,0.006594,1.000000,1.000000,1.000000
14134,14171,CCCCC1C=CC(CCC)CC1O,5,CCCCCC1C=CCC(O)C1,4,278,278,278,0.006594,1.000000,1.000000,1.000000
14337,14341,cc1c(c)OCCCO1,4,ccc1c(c)OCCCO1,4,274,274,274,0.006510,1.000000,1.000000,1.000000
14338,14352,C=CC(CC)=NOCC,3,CON=C1C=C(C)CCC1,3,274,274,274,0.006510,1.000000,1.000000,1.000000
14129,14118,CCCC1C=CCCC1O,3,CCCCCC1C=CC(CCC)C(O)C1,6,278,278,278,0.006594,1.000000,1.000000,1.000000
14129,14127,CCCC1C=CCCC1O,3,CCCCC1C=CC(CCC)C(O)C1,5,278,278,278,0.006594,1.000000,1.000000,1.000000
14129,14134,CCCC1C=CCCC1O,3,CCCCC1C=CC(CCC)CC1O,5,278,278,278,0.006594,1.000000,1.000000,1.000000
14129,14145,CCCC1C=CCCC1O,3,CCCC1C=CCC(O)C1,3,278,278,278,0.006594,1.000000,1.000000,1.000000
14180,14179,CCCCCC1C=CC(CC)C(O)C1,5,CCCCCC1C=CC(CCCC)C(O)C1,6,278,278,278,0.006594,1.000000,1.000000,1.000000
14134,14165,CCCCC1C=CC(CCC)CC1O,5,CCCCC1C=CC(C)CC1O,4,278,278,278,0.006594,1.000000,1.000000,1.000000
14134,14167,CCCCC1C=CC(CCC)CC1O,5,C=CC(CC)C(C)O,2,278,278,278,0.006594,1.000000,1.000000,1.000000
14134,14170,CCCCC1C=CC(CCC)CC1O,5,CCCC1C=CC(CC)CC1O,4,278,278,278,0.006594,1.000000,1.000000,1.000000
14134,14159,CCCCC1C=CC(CCC)CC1O,5,C=CC(CC)CCCCC,4,278,278,278,0.006594,1.000000,1.000000,1.000000
14134,14177,CCCCC1C=CC(CCC)CC1O,5,CCCCC1C=CC(C)C(O)C1,4,278,278,278,0.006594,1.000000,1.000000,1.000000
14134,14179,CCCCC1C=CC(CCC)CC1O,5,CCCCCC1C=CC(CCCC)C(O)C1,6,278,278,278,0.006594,1.000000,1.000000,1.000000
14134,14180,CCCCC1C=CC(CCC)CC1O,5,CCCCCC1C=CC(CC)C(O)C1,5,278,278,278,0.006594,1.000000,1.000000,1.000000
14135,14085,CC(=O)N(C(C)C)C(C)O,2,CC(C)N1C(=O)CCCC1O,3,278,278,278,0.006594,1.000000,1.000000,1.000000
14136,14106,ccc1c(c)C(N)N(c(c)c)C1=O,3,Cc1ccccc1C(N)N,3,278,278,278,0.006594,1.000000,1.000000,1.000000
14136,14110,ccc1c(c)C(N)N(c(c)c)C1=O,3,ccc(c(c)C)C(N)N,2,278,278,278,0.006594,1.000000,1.000000,1.000000
14136,14147,ccc1c(c)C(N)N(c(c)c)C1=O,3,cN1C(=O)c2ccccc2C1N,3,278,278,278,0.006594,1.000000,1.000000,1.000000
14338,14366,C=CC(CC)=NOCC,3,CCON=C1C=C(CC)C(C)(C)CC1,4,274,274,274,0.006510,1.000000,1.000000,1.000000
14340,14382,COC(=O)c1cc(O)c(O)c(O)c1Oc,4,COC(=O)c1cc(O)cc(O)c1Oc,3,274,274,274,0.006510,1.000000,1.000000,1.000000
14335,14351,CCCC(NC(c)=O)C(=O)Nc,3,CCCC1NC(=O)c2ccccc2NC1=O,5,274,274,274,0.006510,1.000000,1.000000,1.000000
14101,14103,CCC1CC(C(C)N)C(O)CC1C,3,C=C1CC(C)CC2CC(C)(O)C(C)(C)C12,3,278,278,278,0.006594,1.000000,1.000000,1.000000
14099,14180,CCC1C=CC(C)C(O)C1,3,CCCCCC1C=CC(CC)C(O)C1,5,278,278,278,0.006594,1.000000,1.000000,1.000000
14101,14092,CCC1CC(C(C)N)C(O)CC1C,3,CC1=CC(=O)OC1C(C)C,3,278,278,278,0.006594,1.000000,1.000000,1.000000
14099,14179,CCC1C=CC(C)C(O)C1,3,CCCCCC1C=CC(CCCC)C(O)C1,6,278,278,278,0.006594,1.000000,1.000000,1.000000
14099,14177,CCC1C=CC(C)C(O)C1,3,CCCCC1C=CC(C)C(O)C1,4,278,278,278,0.006594,1.000000,1.000000,1.000000
14099,14171,CCC1C=CC(C)C(O)C1,3,CCCCCC1C=CCC(O)C1,4,278,278,278,0.006594,1.000000,1.000000,1.000000
14129,14180,CCCC1C=CCCC1O,3,CCCCCC1C=CC(CC)C(O)C1,5,278,278,278,0.006594,1.000000,1.000000,1.000000
14129,14179,CCCC1C=CCCC1O,3,CCCCCC1C=CC(CCCC)C(O)C1,6,278,278,278,0.006594,1.000000,1.000000,1.000000
14129,14177,CCCC1C=CCCC1O,3,CCCCC1C=CC(C)C(O)C1,4,278,278,278,0.006594,1.000000,1.000000,1.000000
14101,14105,CCC1CC(C(C)N)C(O)CC1C,3,CC1CCC(C(C)N)C2OC(=O)C=C12,3,278,278,278,0.006594,1.000000,1.000000,1.000000
14098,14167,CCCC1C=CC(CC)C(O)C1,4,C=CC(CC)C(C)O,2,278,278,278,0.006594,1.000000,1.000000,1.000000
14098,14170,CCCC1C=CC(CC)C(O)C1,4,CCCC1C=CC(CC)CC1O,4,278,278,278,0.006594,1.000000,1.000000,1.000000
14098,14177,CCCC1C=CC(CC)C(O)C1,4,CCCCC1C=CC(C)C(O)C1,4,278,278,278,0.006594,1.000000,1.000000,1.000000
14129,14171,CCCC1C=CCCC1O,3,CCCCCC1C=CCC(O)C1,4,278,278,278,0.006594,1.000000,1.000000,1.000000
14335,14385,CCCC(NC(c)=O)C(=O)Nc,3,ccc1c(c)NC(=O)C(CCC)NC1=O,4,274,274,274,0.006510,1.000000,1.000000,1.000000
14098,14171,CCCC1C=CC(CC)C(O)C1,4,CCCCCC1C=CCC(O)C1,4,278,278,278,0.006594,1.000000,1.000000,1.000000
14098,14179,CCCC1C=CC(CC)C(O)C1,4,CCCCCC1C=CC(CCCC)C(O)C1,6,278,278,278,0.006594,1.000000,1.000000,1.000000
14335,14371,CCCC(NC(c)=O)C(=O)Nc,3,ccc1c(c)C(=O)NC(CCC)C(=O)N1,4,274,274,274,0.006510,1.000000,1.000000,1.000000
12094,12087,ccc(sc)C(N)=O,2,NC(=O)c1cccs1,3,323,323,323,0.007527,1.000000,1.000000,1.000000
12087,12094,NC(=O)c1cccs1,3,ccc(sc)C(N)=O,2,323,323,323,0.007527,1.000000,1.000000,1.000000
12081,12088,C=C(C(N)=O)N(C)C(=O)CC,3,C=C(C(N)=O)N(C)C(=O)CCC(C)N,4,323,323,323,0.007527,1.000000,1.000000,1.000000
12088,12081,C=C(C(N)=O)N(C)C(=O)CCC(C)N,4,C=C(C(N)=O)N(C)C(=O)CC,3,323,323,323,0.007527,1.000000,1.000000,1.000000
14947,14920,CC(C)C1CCCCN1C,3,CCC(C(C)C)N(C)C,2,264,264,264,0.006300,1.000000,1.000000,1.000000
14920,14947,CCC(C(C)C)N(C)C,2,CC(C)C1CCCCN1C,3,264,264,264,0.006300,1.000000,1.000000,1.000000
14969,14960,COC1OC(C)C(O)C(O)C1OC(C)O,4,CCC(CC)OC1OC(C)C(O)C(O)C1OC(C)O,4,264,264,264,0.006300,1.000000,1.000000,1.000000
14960,14969,CCC(CC)OC1OC(C)C(O)C(O)C1OC(C)O,4,COC1OC(C)C(O)C(O)C1OC(C)O,4,264,264,264,0.006300,1.000000,1.000000,1.000000
7730,7741,cCC(C(C)(C)C)C(C)(C)C,2,cCC1C(C)(C)CCC(O)C1(C)CO,3,497,497,497,0.010986,1.000000,1.000000,1.000000
11920,11932,cc(c)-c1cc(=O)oc2cc(OC)ccc12,4,cc(c)-c1ccoc2cc(OC)ccc12,4,327,327,327,0.007609,1.000000,1.000000,1.000000
11238,11220,CCc1ccccc1n,3,ccc(CC)c(c)n,2,346,346,346,0.007997,1.000000,1.000000,1.000000
7730,7750,cCC(C(C)(C)C)C(C)(C)C,2,CC1cc(s)CC2C1(C)CCC(O)C2(C)CO,3,497,497,497,0.010986,1.000000,1.000000,1.000000
7745,7734,CCC1C(C)CCC2(C)C(C3=CC(=O)OC3)CCC12O,5,CC=C(CO)C1CCC2(O)C(CC)C(C)CCC12C,4,497,497,497,0.010986,1.000000,1.000000,1.000000
11931,11923,C=C1CC(OC(C)O)CCC1(C)C(C)C,4,CC(O)OC1CCC2(C)C(=CCCC2C)C1,4,327,327,327,0.007609,1.000000,1.000000,1.000000
11220,11238,ccc(CC)c(c)n,2,CCc1ccccc1n,3,346,346,346,0.007997,1.000000,1.000000,1.000000
7750,7730,CC1cc(s)CC2C1(C)CCC(O)C2(C)CO,3,cCC(C(C)(C)C)C(C)(C)C,2,497,497,497,0.010986,1.000000,1.000000,1.000000
7750,7741,CC1cc(s)CC2C1(C)CCC(O)C2(C)CO,3,cCC1C(C)(C)CCC(O)C1(C)CO,3,497,497,497,0.010986,1.000000,1.000000,1.000000
11932,11920,cc(c)-c1ccoc2cc(OC)ccc12,4,cc(c)-c1cc(=O)oc2cc(OC)ccc12,4,327,327,327,0.007609,1.000000,1.000000,1.000000
11923,11931,CC(O)OC1CCC2(C)C(=CCCC2C)C1,4,C=C1CC(OC(C)O)CCC1(C)C(C)C,4,327,327,327,0.007609,1.000000,1.000000,1.000000
7743,7747,ccc([nH]c)c(c)c,2,ccc1[nH]ccc1c,3,497,497,497,0.010986,1.000000,1.000000,1.000000
7741,7730,cCC1C(C)(C)CCC(O)C1(C)CO,3,cCC(C(C)(C)C)C(C)(C)C,2,497,497,497,0.010986,1.000000,1.000000,1.000000
7741,7750,cCC1C(C)(C)CCC(O)C1(C)CO,3,CC1cc(s)CC2C1(C)CCC(O)C2(C)CO,3,497,497,497,0.010986,1.000000,1.000000,1.000000
7747,7743,ccc1[nH]ccc1c,3,ccc([nH]c)c(c)c,2,497,497,497,0.010986,1.000000,1.000000,1.000000
7734,7745,CC=C(CO)C1CCC2(O)C(CC)C(C)CCC12C,4,CCC1C(C)CCC2(C)C(C3=CC(=O)OC3)CCC12O,5,497,497,497,0.010986,1.000000,1.000000,1.000000
11603,11619,CNC1CCC2(C)CCC(C(C)C)C(O)C2C1C,4,CNC1CCC(C)(C)C(C(C)O)C1C,3,336,336,336,0.007793,1.000000,1.000000,1.000000
11611,11603,CNC1CCC2(C)CCCC(O)C2C1C,4,CNC1CCC2(C)CCC(C(C)C)C(O)C2C1C,4,336,336,336,0.007793,1.000000,1.000000,1.000000
11611,11619,CNC1CCC2(C)CCCC(O)C2C1C,4,CNC1CCC(C)(C)C(C(C)O)C1C,3,336,336,336,0.007793,1.000000,1.000000,1.000000
11603,11611,CNC1CCC2(C)CCC(C(C)C)C(O)C2C1C,4,CNC1CCC2(C)CCCC(O)C2C1C,4,336,336,336,0.007793,1.000000,1.000000,1.000000
11619,11603,CNC1CCC(C)(C)C(C(C)O)C1C,3,CNC1CCC2(C)CCC(C(C)C)C(O)C2C1C,4,336,336,336,0.007793,1.000000,1.000000,1.000000
11619,11611,CNC1CCC(C)(C)C(C(C)O)C1C,3,CNC1CCC2(C)CCCC(O)C2C1C,4,336,336,336,0.007793,1.000000,1.000000,1.000000
11590,11560,cc(c)C(=O)NC(CC)C(N)=O,3,cc(c)NC(=O)C(CC)NC,3,337,337,337,0.007813,1.000000,1.000000,1.000000
11560,11572,cc(c)NC(=O)C(CC)NC,3,CCC1NC(=O)c2ccccc2NC1=O,4,337,337,337,0.007813,1.000000,1.000000,1.000000
11560,11590,cc(c)NC(=O)C(CC)NC,3,cc(c)C(=O)NC(CC)C(N)=O,3,337,337,337,0.007813,1.000000,1.000000,1.000000
11571,11565,COCC(C)n,2,cnc(CO)n(c)C,2,337,337,337,0.007813,1.000000,1.000000,1.000000
11571,11578,COCC(C)n,2,CC1COCc(n)n1,3,337,337,337,0.007813,1.000000,1.000000,1.000000
11571,11584,COCC(C)n,2,cnc1n(c)CCOC1,3,337,337,337,0.007813,1.000000,1.000000,1.000000
11572,11560,CCC1NC(=O)c2ccccc2NC1=O,4,cc(c)NC(=O)C(CC)NC,3,337,337,337,0.007813,1.000000,1.000000,1.000000
11589,11567,cc1n(c(c)=O)CC2CC1CN(C(c)=O)C2,4,cC(=O)N1CC2CC(C1)c1cccc(=O)n1C2,4,337,337,337,0.007813,1.000000,1.000000,1.000000
11565,11571,cnc(CO)n(c)C,2,COCC(C)n,2,337,337,337,0.007813,1.000000,1.000000,1.000000
11567,11589,cC(=O)N1CC2CC(C1)c1cccc(=O)n1C2,4,cc1n(c(c)=O)CC2CC1CN(C(c)=O)C2,4,337,337,337,0.007813,1.000000,1.000000,1.000000
11572,11590,CCC1NC(=O)c2ccccc2NC1=O,4,cc(c)C(=O)NC(CC)C(N)=O,3,337,337,337,0.007813,1.000000,1.000000,1.000000
11578,11565,CC1COCc(n)n1,3,cnc(CO)n(c)C,2,337,337,337,0.007813,1.000000,1.000000,1.000000
11591,11556,CC1=C(C)CCCC1,3,CC1=C(C)C(C)(C)CCC1,4,337,337,337,0.007813,1.000000,1.000000,1.000000
11590,11572,cc(c)C(=O)NC(CC)C(N)=O,3,CCC1NC(=O)c2ccccc2NC1=O,4,337,337,337,0.007813,1.000000,1.000000,1.000000
11565,11584,cnc(CO)n(c)C,2,cnc1n(c)CCOC1,3,337,337,337,0.007813,1.000000,1.000000,1.000000
11565,11578,cnc(CO)n(c)C,2,CC1COCc(n)n1,3,337,337,337,0.007813,1.000000,1.000000,1.000000
11584,11571,cnc1n(c)CCOC1,3,COCC(C)n,2,337,337,337,0.007813,1.000000,1.000000,1.000000
11584,11578,cnc1n(c)CCOC1,3,CC1COCc(n)n1,3,337,337,337,0.007813,1.000000,1.000000,1.000000
11578,11571,CC1COCc(n)n1,3,COCC(C)n,2,337,337,337,0.007813,1.000000,1.000000,1.000000
11584,11565,cnc1n(c)CCOC1,3,cnc(CO)n(c)C,2,337,337,337,0.007813,1.000000,1.000000,1.000000
11578,11584,CC1COCc(n)n1,3,cnc1n(c)CCOC1,3,337,337,337,0.007813,1.000000,1.000000,1.000000
11556,11591,CC1=C(C)C(C)(C)CCC1,4,CC1=C(C)CCCC1,3,337,337,337,0.007813,1.000000,1.000000,1.000000
8478,8474,CCC1CCC(C)C=C1C,3,CCC1CC(C(C)C)C(C)C=C1C,3,455,455,455,0.010169,1.000000,1.000000,1.000000
8474,8478,CCC1CC(C(C)C)C(C)C=C1C,3,CCC1CCC(C)C=C1C,3,455,455,455,0.010169,1.000000,1.000000,1.000000
15451,15443,COCC(CCO)c1c(CO)c2ccc3c(c2oc1=O)C(OC)C(O)CO3,6,COCC(CCO)c1c(CO)c2ccc(O)c(C(C)O)c2oc1=O,5,256,256,256,0.006131,1.000000,1.000000,1.000000
15473,15439,Cn1c(=O)c2c(ncn2C)n(C)c1=O,4,cn(C)c1c(=O)n(C)c(=O)nc1n,3,256,256,256,0.006131,1.000000,1.000000,1.000000
15475,15473,cn(C)c1c(=O)n(C)c(=O)n(C)c1n,4,Cn1c(=O)c2c(ncn2C)n(C)c1=O,4,256,256,256,0.006131,1.000000,1.000000,1.000000
15439,15475,cn(C)c1c(=O)n(C)c(=O)nc1n,3,cn(C)c1c(=O)n(C)c(=O)n(C)c1n,4,256,256,256,0.006131,1.000000,1.000000,1.000000
15475,15439,cn(C)c1c(=O)n(C)c(=O)n(C)c1n,4,cn(C)c1c(=O)n(C)c(=O)nc1n,3,256,256,256,0.006131,1.000000,1.000000,1.000000
15443,15451,COCC(CCO)c1c(CO)c2ccc(O)c(C(C)O)c2oc1=O,5,COCC(CCO)c1c(CO)c2ccc3c(c2oc1=O)C(OC)C(O)CO3,6,256,256,256,0.006131,1.000000,1.000000,1.000000
15439,15473,cn(C)c1c(=O)n(C)c(=O)nc1n,3,Cn1c(=O)c2c(ncn2C)n(C)c1=O,4,256,256,256,0.006131,1.000000,1.000000,1.000000
15481,15449,cc(o)c1c(C)c(CC)c(=O)oc1c,3,CCc1c(C)c2c(o)cc(C)cc2oc1=O,4,256,256,256,0.006131,1.000000,1.000000,1.000000
15469,15441,C=CCN=C,2,CC=NCC,2,256,256,256,0.006131,1.000000,1.000000,1.000000
15473,15475,Cn1c(=O)c2c(ncn2C)n(C)c1=O,4,cn(C)c1c(=O)n(C)c(=O)n(C)c1n,4,256,256,256,0.006131,1.000000,1.000000,1.000000
15441,15469,CC=NCC,2,C=CCN=C,2,256,256,256,0.006131,1.000000,1.000000,1.000000
15449,15481,CCc1c(C)c2c(o)cc(C)cc2oc1=O,4,cc(o)c1c(C)c(CC)c(=O)oc1c,3,256,256,256,0.006131,1.000000,1.000000,1.000000
6480,6477,C=C1Oc2c(C)cccc2C1=O,3,cc(C)c1c(c)C(=O)C(=Cc)O1,3,596,596,596,0.012873,1.000000,1.000000,1.000000
6477,6480,cc(C)c1c(c)C(=O)C(=Cc)O1,3,C=C1Oc2c(C)cccc2C1=O,3,596,596,596,0.012873,1.000000,1.000000,1.000000
5762,5765,coc1c2c(ccc1c)OC(C)(C)CC2,4,coc1c2c(ccc1c)OCCC2,3,672,672,672,0.014290,1.000000,1.000000,1.000000
5765,5762,coc1c2c(ccc1c)OCCC2,3,coc1c2c(ccc1c)OC(C)(C)CC2,4,672,672,672,0.014290,1.000000,1.000000,1.000000
13985,14034,cc(c)c1c([nH])C2(C)C(=O)N(c)C(=O)N2CC1,4,c[nH]c1c(c)CCN2C(=O)N(c)C(=O)C12C,3,280,280,280,0.006636,1.000000,1.000000,1.000000
14023,14010,CN1CCC2(O)CCCCC2C1,3,CCC1(O)CCN(C)CC1C,3,280,280,280,0.006636,1.000000,1.000000,1.000000
14034,13985,c[nH]c1c(c)CCN2C(=O)N(c)C(=O)C12C,3,cc(c)c1c([nH])C2(C)C(=O)N(c)C(=O)N2CC1,4,280,280,280,0.006636,1.000000,1.000000,1.000000
14023,13991,CN1CCC2(O)CCCCC2C1,3,CC(C)CN(C)C,2,280,280,280,0.006636,1.000000,1.000000,1.000000
14010,13991,CCC1(O)CCN(C)CC1C,3,CC(C)CN(C)C,2,280,280,280,0.006636,1.000000,1.000000,1.000000
14009,13985,cN1C(=O)N2CCcc([nH])C2(C)C1=O,3,cc(c)c1c([nH])C2(C)C(=O)N(c)C(=O)N2CC1,4,280,280,280,0.006636,1.000000,1.000000,1.000000
14010,14023,CCC1(O)CCN(C)CC1C,3,CN1CCC2(O)CCCCC2C1,3,280,280,280,0.006636,1.000000,1.000000,1.000000
14009,14034,cN1C(=O)N2CCcc([nH])C2(C)C1=O,3,c[nH]c1c(c)CCN2C(=O)N(c)C(=O)C12C,3,280,280,280,0.006636,1.000000,1.000000,1.000000
14657,14656,ccc(nc)Nc,2,cNc1ccccn1,3,269,269,269,0.006405,1.000000,1.000000,1.000000
14665,14658,ccc(CN)c(c)C,2,Cc1ccccc1CN,3,269,269,269,0.006405,1.000000,1.000000,1.000000
14656,14657,cNc1ccccn1,3,ccc(nc)Nc,2,269,269,269,0.006405,1.000000,1.000000,1.000000
14658,14665,Cc1ccccc1CN,3,ccc(CN)c(c)C,2,269,269,269,0.006405,1.000000,1.000000,1.000000
13991,14023,CC(C)CN(C)C,2,CN1CCC2(O)CCCCC2C1,3,280,280,280,0.006636,1.000000,1.000000,1.000000
13985,14009,cc(c)c1c([nH])C2(C)C(=O)N(c)C(=O)N2CC1,4,cN1C(=O)N2CCcc([nH])C2(C)C1=O,3,280,280,280,0.006636,1.000000,1.000000,1.000000
14633,14668,Cc1coc2c(C)c3oc(=O)cc(C)c3cc12,4,cc(C)c1cc2c(C)coc2c(C)c1o,4,269,269,269,0.006405,1.000000,1.000000,1.000000
14638,14653,cnoc(c)C,2,ccc(C)on,2,269,269,269,0.006405,1.000000,1.000000,1.000000
5547,5541,CNc1ccc2c(cc1=O)C(NC(C)=O)CCc1cc(O)c(OC)c(OC)c1-2,5,CNc1ccc2c(cc1=O)C(NC(C)=O)CCc1cc(O)c(O)c(OC)c1-2,6,699,699,699,0.014788,1.000000,1.000000,1.000000
5540,5546,CNc1ccc2c(cc1=O)C(NC(C)=O)CCc1ccc(O)c(OC)c1-2,5,CNc1ccc2c(cc1=O)C(NC(C)=O)CCc1cc(OC)c(OC)c(OC)c1-2,6,699,699,699,0.014788,1.000000,1.000000,1.000000
5547,5546,CNc1ccc2c(cc1=O)C(NC(C)=O)CCc1cc(O)c(OC)c(OC)c1-2,5,CNc1ccc2c(cc1=O)C(NC(C)=O)CCc1cc(OC)c(OC)c(OC)c1-2,6,699,699,699,0.014788,1.000000,1.000000,1.000000
5547,5540,CNc1ccc2c(cc1=O)C(NC(C)=O)CCc1cc(O)c(OC)c(OC)c1-2,5,CNc1ccc2c(cc1=O)C(NC(C)=O)CCc1ccc(O)c(OC)c1-2,5,699,699,699,0.014788,1.000000,1.000000,1.000000
14668,14633,cc(C)c1cc2c(C)coc2c(C)c1o,4,Cc1coc2c(C)c3oc(=O)cc(C)c3cc12,4,269,269,269,0.006405,1.000000,1.000000,1.000000
14653,14638,ccc(C)on,2,cnoc(c)C,2,269,269,269,0.006405,1.000000,1.000000,1.000000
13991,14010,CC(C)CN(C)C,2,CCC1(O)CCN(C)CC1C,3,280,280,280,0.006636,1.000000,1.000000,1.000000
14034,14009,c[nH]c1c(c)CCN2C(=O)N(c)C(=O)C12C,3,cN1C(=O)N2CCcc([nH])C2(C)C1=O,3,280,280,280,0.006636,1.000000,1.000000,1.000000
5540,5547,CNc1ccc2c(cc1=O)C(NC(C)=O)CCc1ccc(O)c(OC)c1-2,5,CNc1ccc2c(cc1=O)C(NC(C)=O)CCc1cc(O)c(OC)c(OC)c1-2,5,699,699,699,0.014788,1.000000,1.000000,1.000000
5538,5547,cc(c)-c1ccc(NC)c(=O)cc1C(CC)NC,4,CNc1ccc2c(cc1=O)C(NC(C)=O)CCc1cc(O)c(OC)c(OC)c1-2,5,699,699,699,0.014788,1.000000,1.000000,1.000000
5546,5540,CNc1ccc2c(cc1=O)C(NC(C)=O)CCc1cc(OC)c(OC)c(OC)c1-2,6,CNc1ccc2c(cc1=O)C(NC(C)=O)CCc1ccc(O)c(OC)c1-2,5,699,699,699,0.014788,1.000000,1.000000,1.000000
5546,5538,CNc1ccc2c(cc1=O)C(NC(C)=O)CCc1cc(OC)c(OC)c(OC)c1-2,6,cc(c)-c1ccc(NC)c(=O)cc1C(CC)NC,4,699,699,699,0.014788,1.000000,1.000000,1.000000
5546,5547,CNc1ccc2c(cc1=O)C(NC(C)=O)CCc1cc(OC)c(OC)c(OC)c1-2,6,CNc1ccc2c(cc1=O)C(NC(C)=O)CCc1cc(O)c(OC)c(OC)c1-2,5,699,699,699,0.014788,1.000000,1.000000,1.000000
5538,5540,cc(c)-c1ccc(NC)c(=O)cc1C(CC)NC,4,CNc1ccc2c(cc1=O)C(NC(C)=O)CCc1ccc(O)c(OC)c1-2,5,699,699,699,0.014788,1.000000,1.000000,1.000000
5538,5541,cc(c)-c1ccc(NC)c(=O)cc1C(CC)NC,4,CNc1ccc2c(cc1=O)C(NC(C)=O)CCc1cc(O)c(O)c(OC)c1-2,6,699,699,699,0.014788,1.000000,1.000000,1.000000
5547,5538,CNc1ccc2c(cc1=O)C(NC(C)=O)CCc1cc(O)c(OC)c(OC)c1-2,5,cc(c)-c1ccc(NC)c(=O)cc1C(CC)NC,4,699,699,699,0.014788,1.000000,1.000000,1.000000
5538,5546,cc(c)-c1ccc(NC)c(=O)cc1C(CC)NC,4,CNc1ccc2c(cc1=O)C(NC(C)=O)CCc1cc(OC)c(OC)c(OC)c1-2,6,699,699,699,0.014788,1.000000,1.000000,1.000000
5546,5541,CNc1ccc2c(cc1=O)C(NC(C)=O)CCc1cc(OC)c(OC)c(OC)c1-2,6,CNc1ccc2c(cc1=O)C(NC(C)=O)CCc1cc(O)c(O)c(OC)c1-2,6,699,699,699,0.014788,1.000000,1.000000,1.000000
5540,5538,CNc1ccc2c(cc1=O)C(NC(C)=O)CCc1ccc(O)c(OC)c1-2,5,cc(c)-c1ccc(NC)c(=O)cc1C(CC)NC,4,699,699,699,0.014788,1.000000,1.000000,1.000000
5541,5547,CNc1ccc2c(cc1=O)C(NC(C)=O)CCc1cc(O)c(O)c(OC)c1-2,6,CNc1ccc2c(cc1=O)C(NC(C)=O)CCc1cc(O)c(OC)c(OC)c1-2,5,699,699,699,0.014788,1.000000,1.000000,1.000000
5541,5546,CNc1ccc2c(cc1=O)C(NC(C)=O)CCc1cc(O)c(O)c(OC)c1-2,6,CNc1ccc2c(cc1=O)C(NC(C)=O)CCc1cc(OC)c(OC)c(OC)c1-2,6,699,699,699,0.014788,1.000000,1.000000,1.000000
5541,5540,CNc1ccc2c(cc1=O)C(NC(C)=O)CCc1cc(O)c(O)c(OC)c1-2,6,CNc1ccc2c(cc1=O)C(NC(C)=O)CCc1ccc(O)c(OC)c1-2,5,699,699,699,0.014788,1.000000,1.000000,1.000000
5541,5538,CNc1ccc2c(cc1=O)C(NC(C)=O)CCc1cc(O)c(O)c(OC)c1-2,6,cc(c)-c1ccc(NC)c(=O)cc1C(CC)NC,4,699,699,699,0.014788,1.000000,1.000000,1.000000
5540,5541,CNc1ccc2c(cc1=O)C(NC(C)=O)CCc1ccc(O)c(OC)c1-2,5,CNc1ccc2c(cc1=O)C(NC(C)=O)CCc1cc(O)c(O)c(OC)c1-2,6,699,699,699,0.014788,1.000000,1.000000,1.000000
7006,7003,CC(N)C1OCC(n)C1O,3,CC(n)C1OCC(N)C1O,3,550,550,550,0.012002,1.000000,1.000000,1.000000
7003,7006,CC(n)C1OCC(N)C1O,3,CC(N)C1OCC(n)C1O,3,550,550,550,0.012002,1.000000,1.000000,1.000000
5615,5620,C=CC(C)C(Cc1ccccc1)OC,4,C=CC(C)C(Cc(c)c)OC,3,689,689,689,0.014604,1.000000,1.000000,1.000000
5620,5615,C=CC(C)C(Cc(c)c)OC,3,C=CC(C)C(Cc1ccccc1)OC,4,689,689,689,0.014604,1.000000,1.000000,1.000000
10060,10078,CC(C)c1c(CO)c2ccc(O)c(C(C)O)c2oc1=O,4,Cc1c(C(C)C)c(=O)oc2c(C(C)O)c(O)ccc12,4,386,386,386,0.008804,1.000000,1.000000,1.000000
10060,10073,CC(C)c1c(CO)c2ccc(O)c(C(C)O)c2oc1=O,4,CCC(CO)c1c(CO)c2ccc3c(c2oc1=O)C(OC)C(O)CO3,5,386,386,386,0.008804,1.000000,1.000000,1.000000
10078,10060,Cc1c(C(C)C)c(=O)oc2c(C(C)O)c(O)ccc12,4,CC(C)c1c(CO)c2ccc(O)c(C(C)O)c2oc1=O,4,386,386,386,0.008804,1.000000,1.000000,1.000000
10078,10073,Cc1c(C(C)C)c(=O)oc2c(C(C)O)c(O)ccc12,4,CCC(CO)c1c(CO)c2ccc3c(c2oc1=O)C(OC)C(O)CO3,5,386,386,386,0.008804,1.000000,1.000000,1.000000
10073,10078,CCC(CO)c1c(CO)c2ccc3c(c2oc1=O)C(OC)C(O)CO3,5,Cc1c(C(C)C)c(=O)oc2c(C(C)O)c(O)ccc12,4,386,386,386,0.008804,1.000000,1.000000,1.000000
10073,10060,CCC(CO)c1c(CO)c2ccc3c(c2oc1=O)C(OC)C(O)CO3,5,CC(C)c1c(CO)c2ccc(O)c(C(C)O)c2oc1=O,4,386,386,386,0.008804,1.000000,1.000000,1.000000
13591,13617,CCC(OC)(OC1C(O)C(OC2C(CO)OC(O)C(O)C2O)OC(CO)C1OC(C)O)C(=O)O,6,COC1C(O)C(CO)OC(OC2C(CO)OC(O)C(O)C2O)C1O,5,288,288,288,0.006803,1.000000,1.000000,1.000000
13632,13625,coc(CC)c(c)C,2,CCc1occc1C(OC)C(C)(C)C,3,288,288,288,0.006803,1.000000,1.000000,1.000000
13626,13607,ccc1c(O)cc(O)cc1[o+],3,c-c1ccc2c(O)cc(O)cc2[o+]1,3,288,288,288,0.006803,1.000000,1.000000,1.000000
13625,13645,CCc1occc1C(OC)C(C)(C)C,3,CCc1occc1C(C)O,4,288,288,288,0.006803,1.000000,1.000000,1.000000
13610,13625,CCc1occc1C,3,CCc1occc1C(OC)C(C)(C)C,3,288,288,288,0.006803,1.000000,1.000000,1.000000
13607,13626,c-c1ccc2c(O)cc(O)cc2[o+]1,3,ccc1c(O)cc(O)cc1[o+],3,288,288,288,0.006803,1.000000,1.000000,1.000000
13640,13641,CC=C(C)C=CC(C)N,3,C=NC(C=CC(C)=CC(C)C)C(C)C,4,288,288,288,0.006803,1.000000,1.000000,1.000000
13632,13610,coc(CC)c(c)C,2,CCc1occc1C,3,288,288,288,0.006803,1.000000,1.000000,1.000000
13645,13632,CCc1occc1C(C)O,4,coc(CC)c(c)C,2,288,288,288,0.006803,1.000000,1.000000,1.000000
13632,13645,coc(CC)c(c)C,2,CCc1occc1C(C)O,4,288,288,288,0.006803,1.000000,1.000000,1.000000
13645,13625,CCc1occc1C(C)O,4,CCc1occc1C(OC)C(C)(C)C,3,288,288,288,0.006803,1.000000,1.000000,1.000000
13645,13610,CCc1occc1C(C)O,4,CCc1occc1C,3,288,288,288,0.006803,1.000000,1.000000,1.000000
13610,13645,CCc1occc1C,3,CCc1occc1C(C)O,4,288,288,288,0.006803,1.000000,1.000000,1.000000
13610,13632,CCc1occc1C,3,coc(CC)c(c)C,2,288,288,288,0.006803,1.000000,1.000000,1.000000
13625,13632,CCc1occc1C(OC)C(C)(C)C,3,coc(CC)c(c)C,2,288,288,288,0.006803,1.000000,1.000000,1.000000
13625,13610,CCc1occc1C(OC)C(C)(C)C,3,CCc1occc1C,3,288,288,288,0.006803,1.000000,1.000000,1.000000
13641,13640,C=NC(C=CC(C)=CC(C)C)C(C)C,4,CC=C(C)C=CC(C)N,3,288,288,288,0.006803,1.000000,1.000000,1.000000
13617,13591,COC1C(O)C(CO)OC(OC2C(CO)OC(O)C(O)C2O)C1O,5,CCC(OC)(OC1C(O)C(OC2C(CO)OC(O)C(O)C2O)OC(CO)C1OC(C)O)C(=O)O,6,288,288,288,0.006803,1.000000,1.000000,1.000000
4556,4558,CC=C(CO)C(C)C,2,CC(C)C1=CC(=O)OC1,3,863,863,863,0.017751,1.000000,1.000000,1.000000
4558,4556,CC(C)C1=CC(=O)OC1,3,CC=C(CO)C(C)C,2,863,863,863,0.017751,1.000000,1.000000,1.000000
12164,12183,cc1ccc2oc(C)c(C)c2c1,3,cc1cc2c(C)c(C)oc2cc1o,5,320,320,320,0.007465,1.000000,1.000000,1.000000
12207,12224,cnc1c(s)CC(C)C(C)(CC)C1CC(N)=O,3,cnc1c(s)CC2C(C)(CO)C(O)CCC2(C)C1CC(N)=O,4,319,319,319,0.007445,1.000000,1.000000,1.000000
12216,12209,CC(N)C(C)C(=O)NC(CCC(=O)N(C)C)C(=O)O,5,CC(=O)NC(CCC(=O)N(C)C)C(=O)O,4,319,319,319,0.007445,1.000000,1.000000,1.000000
12209,12216,CC(=O)NC(CCC(=O)N(C)C)C(=O)O,4,CC(N)C(C)C(=O)NC(CCC(=O)N(C)C)C(=O)O,5,319,319,319,0.007445,1.000000,1.000000,1.000000
12164,12178,cc1ccc2oc(C)c(C)c2c1,3,coc1cc2oc(C)c(C)c2cc1c,4,320,320,320,0.007465,1.000000,1.000000,1.000000
12178,12183,coc1cc2oc(C)c(C)c2cc1c,4,cc1cc2c(C)c(C)oc2cc1o,5,320,320,320,0.007465,1.000000,1.000000,1.000000
12183,12178,cc1cc2c(C)c(C)oc2cc1o,5,coc1cc2oc(C)c(C)c2cc1c,4,320,320,320,0.007465,1.000000,1.000000,1.000000
12183,12164,cc1cc2c(C)c(C)oc2cc1o,5,cc1ccc2oc(C)c(C)c2c1,3,320,320,320,0.007465,1.000000,1.000000,1.000000
12178,12164,coc1cc2oc(C)c(C)c2cc1c,4,cc1ccc2oc(C)c(C)c2c1,3,320,320,320,0.007465,1.000000,1.000000,1.000000
12224,12207,cnc1c(s)CC2C(C)(CO)C(O)CCC2(C)C1CC(N)=O,4,cnc1c(s)CC(C)C(C)(CC)C1CC(N)=O,3,319,319,319,0.007445,1.000000,1.000000,1.000000
9772,9788,CC1COC(C(C)n)O1,3,COC(OC)C(C)n,2,396,396,396,0.009004,1.000000,1.000000,1.000000
9788,9772,COC(OC)C(C)n,2,CC1COC(C(C)n)O1,3,396,396,396,0.009004,1.000000,1.000000,1.000000
9251,9253,Cc1occc1C(C)O,3,Cc1ccoc1C,3,418,418,418,0.009441,1.000000,1.000000,1.000000
9251,9239,Cc1occc1C(C)O,3,ccc(c(C)o)C(C)O,2,418,418,418,0.009441,1.000000,1.000000,1.000000
9797,9793,cc(c)c1c([nH])CN(C)CC1,3,cc1[nH]c2c(c1c)CCN(C)C2,3,396,396,396,0.009004,1.000000,1.000000,1.000000
8140,8132,ccc1[nH]cc(CC(C)N)c1cc,4,CC(N)Cc1c[nH]c2ccccc12,4,474,474,474,0.010540,1.000000,1.000000,1.000000
8132,8140,CC(N)Cc1c[nH]c2ccccc12,4,ccc1[nH]cc(CC(C)N)c1cc,4,474,474,474,0.010540,1.000000,1.000000,1.000000
9793,9797,cc1[nH]c2c(c1c)CCN(C)C2,3,cc(c)c1c([nH])CN(C)CC1,3,396,396,396,0.009004,1.000000,1.000000,1.000000
9253,9239,Cc1ccoc1C,3,ccc(c(C)o)C(C)O,2,418,418,418,0.009441,1.000000,1.000000,1.000000
9253,9251,Cc1ccoc1C,3,Cc1occc1C(C)O,3,418,418,418,0.009441,1.000000,1.000000,1.000000
9239,9251,ccc(c(C)o)C(C)O,2,Cc1occc1C(C)O,3,418,418,418,0.009441,1.000000,1.000000,1.000000
9239,9253,ccc(c(C)o)C(C)O,2,Cc1ccoc1C,3,418,418,418,0.009441,1.000000,1.000000,1.000000
13019,12991,CC1CC(O)CN1C,3,CC1CC(O)CN1C(C)(C)C,3,301,301,301,0.007073,1.000000,1.000000,1.000000
13019,12983,CC1CC(O)CN1C,3,CC(C)(C)N1CC(O)CC1CN,4,301,301,301,0.007073,1.000000,1.000000,1.000000
12992,13019,CN1CC(O)CC1CN,3,CC1CC(O)CN1C,3,301,301,301,0.007073,1.000000,1.000000,1.000000
13022,12994,COC1CC(OC2C(C)OC(O)CC2OC)OC(C)C1O,5,COC1CC(OC2C(C)OCCC2OC)OC(C)C1O,5,301,301,301,0.007073,1.000000,1.000000,1.000000
12991,12983,CC1CC(O)CN1C(C)(C)C,3,CC(C)(C)N1CC(O)CC1CN,4,301,301,301,0.007073,1.000000,1.000000,1.000000
13003,12992,CCC(CN)N(C)C,2,CN1CC(O)CC1CN,3,301,301,301,0.007073,1.000000,1.000000,1.000000
13003,13019,CCC(CN)N(C)C,2,CC1CC(O)CN1C,3,301,301,301,0.007073,1.000000,1.000000,1.000000
12991,13019,CC1CC(O)CN1C(C)(C)C,3,CC1CC(O)CN1C,3,301,301,301,0.007073,1.000000,1.000000,1.000000
12983,12991,CC(C)(C)N1CC(O)CC1CN,4,CC1CC(O)CN1C(C)(C)C,3,301,301,301,0.007073,1.000000,1.000000,1.000000
12983,12992,CC(C)(C)N1CC(O)CC1CN,4,CN1CC(O)CC1CN,3,301,301,301,0.007073,1.000000,1.000000,1.000000
13019,13003,CC1CC(O)CN1C,3,CCC(CN)N(C)C,2,301,301,301,0.007073,1.000000,1.000000,1.000000
13019,12992,CC1CC(O)CN1C,3,CN1CC(O)CC1CN,3,301,301,301,0.007073,1.000000,1.000000,1.000000
4753,4752,Cc1cccs1,3,cccc(C)s,2,831,831,831,0.017180,1.000000,1.000000,1.000000
4753,4750,Cc1cccs1,3,ccsc(c)C,2,831,831,831,0.017180,1.000000,1.000000,1.000000
4752,4750,cccc(C)s,2,ccsc(c)C,2,831,831,831,0.017180,1.000000,1.000000,1.000000
4750,4752,ccsc(c)C,2,cccc(C)s,2,831,831,831,0.017180,1.000000,1.000000,1.000000
12976,12983,CCN(C(C)C)C(C)(C)C,2,CC(C)(C)N1CC(O)CC1CN,4,301,301,301,0.007073,1.000000,1.000000,1.000000
12976,13019,CCN(C(C)C)C(C)(C)C,2,CC1CC(O)CN1C,3,301,301,301,0.007073,1.000000,1.000000,1.000000
12976,12991,CCN(C(C)C)C(C)(C)C,2,CC1CC(O)CN1C(C)(C)C,3,301,301,301,0.007073,1.000000,1.000000,1.000000
12991,13003,CC1CC(O)CN1C(C)(C)C,3,CCC(CN)N(C)C,2,301,301,301,0.007073,1.000000,1.000000,1.000000
12976,12992,CCN(C(C)C)C(C)(C)C,2,CN1CC(O)CC1CN,3,301,301,301,0.007073,1.000000,1.000000,1.000000
12976,13003,CCN(C(C)C)C(C)(C)C,2,CCC(CN)N(C)C,2,301,301,301,0.007073,1.000000,1.000000,1.000000
12991,12992,CC1CC(O)CN1C(C)(C)C,3,CN1CC(O)CC1CN,3,301,301,301,0.007073,1.000000,1.000000,1.000000
7165,7153,Cc1ccnc(N)c1,3,cc(C)cc(n)N,2,537,537,537,0.011754,1.000000,1.000000,1.000000
7153,7165,cc(C)cc(n)N,2,Cc1ccnc(N)c1,3,537,537,537,0.011754,1.000000,1.000000,1.000000
4752,4753,cccc(C)s,2,Cc1cccs1,3,831,831,831,0.017180,1.000000,1.000000,1.000000
12978,13010,cc(c)CCC(C(=O)OC(C)C)=C(C)CO,4,cc(c)CCC(C(=O)O)=C(C)C,3,301,301,301,0.007073,1.000000,1.000000,1.000000
12983,12976,CC(C)(C)N1CC(O)CC1CN,4,CCN(C(C)C)C(C)(C)C,2,301,301,301,0.007073,1.000000,1.000000,1.000000
12983,13003,CC(C)(C)N1CC(O)CC1CN,4,CCC(CN)N(C)C,2,301,301,301,0.007073,1.000000,1.000000,1.000000
13003,12991,CCC(CN)N(C)C,2,CC1CC(O)CN1C(C)(C)C,3,301,301,301,0.007073,1.000000,1.000000,1.000000
13003,12983,CCC(CN)N(C)C,2,CC(C)(C)N1CC(O)CC1CN,4,301,301,301,0.007073,1.000000,1.000000,1.000000
13003,12976,CCC(CN)N(C)C,2,CCN(C(C)C)C(C)(C)C,2,301,301,301,0.007073,1.000000,1.000000,1.000000
13014,12996,cC(=O)N(C(C)C)C(C)(C)C,2,ccc1c(c)CC(C)(C)N(C(C)C)C1=O,3,301,301,301,0.007073,1.000000,1.000000,1.000000
12983,13019,CC(C)(C)N1CC(O)CC1CN,4,CC1CC(O)CN1C,3,301,301,301,0.007073,1.000000,1.000000,1.000000
12991,12976,CC1CC(O)CN1C(C)(C)C,3,CCN(C(C)C)C(C)(C)C,2,301,301,301,0.007073,1.000000,1.000000,1.000000
13019,12976,CC1CC(O)CN1C,3,CCN(C(C)C)C(C)(C)C,2,301,301,301,0.007073,1.000000,1.000000,1.000000
12994,13022,COC1CC(OC2C(C)OCCC2OC)OC(C)C1O,5,COC1CC(OC2C(C)OC(O)CC2OC)OC(C)C1O,5,301,301,301,0.007073,1.000000,1.000000,1.000000
13010,12978,cc(c)CCC(C(=O)O)=C(C)C,3,cc(c)CCC(C(=O)OC(C)C)=C(C)CO,4,301,301,301,0.007073,1.000000,1.000000,1.000000
12996,13014,ccc1c(c)CC(C)(C)N(C(C)C)C1=O,3,cC(=O)N(C(C)C)C(C)(C)C,2,301,301,301,0.007073,1.000000,1.000000,1.000000
4750,4753,ccsc(c)C,2,Cc1cccs1,3,831,831,831,0.017180,1.000000,1.000000,1.000000
12992,12976,CN1CC(O)CC1CN,3,CCN(C(C)C)C(C)(C)C,2,301,301,301,0.007073,1.000000,1.000000,1.000000
12992,12983,CN1CC(O)CC1CN,3,CC(C)(C)N1CC(O)CC1CN,4,301,301,301,0.007073,1.000000,1.000000,1.000000
12992,12991,CN1CC(O)CC1CN,3,CC1CC(O)CN1C(C)(C)C,3,301,301,301,0.007073,1.000000,1.000000,1.000000
12992,13003,CN1CC(O)CC1CN,3,CCC(CN)N(C)C,2,301,301,301,0.007073,1.000000,1.000000,1.000000
4745,4738,cc(c)NC(=O)C1C2C=CC3(O2)C1C(=O)N(C)C3C(N)=O,5,cNC(=O)C1C2C=CC3(O2)C1C(=O)N(C)C3C(N)=O,5,832,832,832,0.017198,1.000000,1.000000,1.000000
4745,4741,cc(c)NC(=O)C1C2C=CC3(O2)C1C(=O)N(C)C3C(N)=O,5,cc(c)NC(=O)C1C2C=CC3(O2)C1C(=O)N(C)C3C,4,832,832,832,0.017198,1.000000,1.000000,1.000000
4745,4733,cc(c)NC(=O)C1C2C=CC3(O2)C1C(=O)N(C)C3C(N)=O,5,CN1C(=O)C2C(C(N)=O)C3C=CC2(O3)C1C(N)=O,4,832,832,832,0.017198,1.000000,1.000000,1.000000
4738,4745,cNC(=O)C1C2C=CC3(O2)C1C(=O)N(C)C3C(N)=O,5,cc(c)NC(=O)C1C2C=CC3(O2)C1C(=O)N(C)C3C(N)=O,5,832,832,832,0.017198,1.000000,1.000000,1.000000
4745,4735,cc(c)NC(=O)C1C2C=CC3(O2)C1C(=O)N(C)C3C(N)=O,5,CC1N(C)C(=O)C2C(C(N)=O)C3C=CC21O3,3,832,832,832,0.017198,1.000000,1.000000,1.000000
4745,4734,cc(c)NC(=O)C1C2C=CC3(O2)C1C(=O)N(C)C3C(N)=O,5,CC1C2C=CC3(O2)C1C(=O)N(C)C3C(N)=O,3,832,832,832,0.017198,1.000000,1.000000,1.000000
4738,4733,cNC(=O)C1C2C=CC3(O2)C1C(=O)N(C)C3C(N)=O,5,CN1C(=O)C2C(C(N)=O)C3C=CC2(O3)C1C(N)=O,4,832,832,832,0.017198,1.000000,1.000000,1.000000
4738,4734,cNC(=O)C1C2C=CC3(O2)C1C(=O)N(C)C3C(N)=O,5,CC1C2C=CC3(O2)C1C(=O)N(C)C3C(N)=O,3,832,832,832,0.017198,1.000000,1.000000,1.000000
4738,4741,cNC(=O)C1C2C=CC3(O2)C1C(=O)N(C)C3C(N)=O,5,cc(c)NC(=O)C1C2C=CC3(O2)C1C(=O)N(C)C3C,4,832,832,832,0.017198,1.000000,1.000000,1.000000
4738,4735,cNC(=O)C1C2C=CC3(O2)C1C(=O)N(C)C3C(N)=O,5,CC1N(C)C(=O)C2C(C(N)=O)C3C=CC21O3,3,832,832,832,0.017198,1.000000,1.000000,1.000000
8608,8607,cccc(C)o,2,ccc(C)oc,2,448,448,448,0.010032,1.000000,1.000000,1.000000
8607,8608,ccc(C)oc,2,cccc(C)o,2,448,448,448,0.010032,1.000000,1.000000,1.000000
4733,4735,CN1C(=O)C2C(C(N)=O)C3C=CC2(O3)C1C(N)=O,4,CC1N(C)C(=O)C2C(C(N)=O)C3C=CC21O3,3,832,832,832,0.017198,1.000000,1.000000,1.000000
4733,4738,CN1C(=O)C2C(C(N)=O)C3C=CC2(O3)C1C(N)=O,4,cNC(=O)C1C2C=CC3(O2)C1C(=O)N(C)C3C(N)=O,5,832,832,832,0.017198,1.000000,1.000000,1.000000
4733,4741,CN1C(=O)C2C(C(N)=O)C3C=CC2(O3)C1C(N)=O,4,cc(c)NC(=O)C1C2C=CC3(O2)C1C(=O)N(C)C3C,4,832,832,832,0.017198,1.000000,1.000000,1.000000
4733,4734,CN1C(=O)C2C(C(N)=O)C3C=CC2(O3)C1C(N)=O,4,CC1C2C=CC3(O2)C1C(=O)N(C)C3C(N)=O,3,832,832,832,0.017198,1.000000,1.000000,1.000000
4733,4745,CN1C(=O)C2C(C(N)=O)C3C=CC2(O3)C1C(N)=O,4,cc(c)NC(=O)C1C2C=CC3(O2)C1C(=O)N(C)C3C(N)=O,5,832,832,832,0.017198,1.000000,1.000000,1.000000
4734,4733,CC1C2C=CC3(O2)C1C(=O)N(C)C3C(N)=O,3,CN1C(=O)C2C(C(N)=O)C3C=CC2(O3)C1C(N)=O,4,832,832,832,0.017198,1.000000,1.000000,1.000000
4734,4738,CC1C2C=CC3(O2)C1C(=O)N(C)C3C(N)=O,3,cNC(=O)C1C2C=CC3(O2)C1C(=O)N(C)C3C(N)=O,5,832,832,832,0.017198,1.000000,1.000000,1.000000
4734,4735,CC1C2C=CC3(O2)C1C(=O)N(C)C3C(N)=O,3,CC1N(C)C(=O)C2C(C(N)=O)C3C=CC21O3,3,832,832,832,0.017198,1.000000,1.000000,1.000000
4734,4745,CC1C2C=CC3(O2)C1C(=O)N(C)C3C(N)=O,3,cc(c)NC(=O)C1C2C=CC3(O2)C1C(=O)N(C)C3C(N)=O,5,832,832,832,0.017198,1.000000,1.000000,1.000000
4735,4733,CC1N(C)C(=O)C2C(C(N)=O)C3C=CC21O3,3,CN1C(=O)C2C(C(N)=O)C3C=CC2(O3)C1C(N)=O,4,832,832,832,0.017198,1.000000,1.000000,1.000000
4735,4734,CC1N(C)C(=O)C2C(C(N)=O)C3C=CC21O3,3,CC1C2C=CC3(O2)C1C(=O)N(C)C3C(N)=O,3,832,832,832,0.017198,1.000000,1.000000,1.000000
4734,4741,CC1C2C=CC3(O2)C1C(=O)N(C)C3C(N)=O,3,cc(c)NC(=O)C1C2C=CC3(O2)C1C(=O)N(C)C3C,4,832,832,832,0.017198,1.000000,1.000000,1.000000
4735,4738,CC1N(C)C(=O)C2C(C(N)=O)C3C=CC21O3,3,cNC(=O)C1C2C=CC3(O2)C1C(=O)N(C)C3C(N)=O,5,832,832,832,0.017198,1.000000,1.000000,1.000000
4735,4741,CC1N(C)C(=O)C2C(C(N)=O)C3C=CC21O3,3,cc(c)NC(=O)C1C2C=CC3(O2)C1C(=O)N(C)C3C,4,832,832,832,0.017198,1.000000,1.000000,1.000000
4735,4745,CC1N(C)C(=O)C2C(C(N)=O)C3C=CC21O3,3,cc(c)NC(=O)C1C2C=CC3(O2)C1C(=O)N(C)C3C(N)=O,5,832,832,832,0.017198,1.000000,1.000000,1.000000
4741,4733,cc(c)NC(=O)C1C2C=CC3(O2)C1C(=O)N(C)C3C,4,CN1C(=O)C2C(C(N)=O)C3C=CC2(O3)C1C(N)=O,4,832,832,832,0.017198,1.000000,1.000000,1.000000
4741,4734,cc(c)NC(=O)C1C2C=CC3(O2)C1C(=O)N(C)C3C,4,CC1C2C=CC3(O2)C1C(=O)N(C)C3C(N)=O,3,832,832,832,0.017198,1.000000,1.000000,1.000000
4741,4735,cc(c)NC(=O)C1C2C=CC3(O2)C1C(=O)N(C)C3C,4,CC1N(C)C(=O)C2C(C(N)=O)C3C=CC21O3,3,832,832,832,0.017198,1.000000,1.000000,1.000000
4741,4738,cc(c)NC(=O)C1C2C=CC3(O2)C1C(=O)N(C)C3C,4,cNC(=O)C1C2C=CC3(O2)C1C(=O)N(C)C3C(N)=O,5,832,832,832,0.017198,1.000000,1.000000,1.000000
4741,4745,cc(c)NC(=O)C1C2C=CC3(O2)C1C(=O)N(C)C3C,4,cc(c)NC(=O)C1C2C=CC3(O2)C1C(=O)N(C)C3C(N)=O,5,832,832,832,0.017198,1.000000,1.000000,1.000000
8864,8868,CCCOC(COC(C)=O)COC(C)=O,4,CCCCOC(COC)COC,4,435,435,435,0.009777,1.000000,1.000000,1.000000
8864,8861,CCCOC(COC(C)=O)COC(C)=O,4,CCCCCCOC(COC(=O)CC)COC(=O)CC,6,435,435,435,0.009777,1.000000,1.000000,1.000000
8884,8881,CCOC(COC)COC(=O)CC,4,CCCCCCOC(COC)COC,5,435,435,435,0.009777,1.000000,1.000000,1.000000
8886,8860,CCCCOC(COC(=O)CC)COC(=O)CC,5,CCCCCCCOC(COC(C)=O)COC(C)=O,6,435,435,435,0.009777,1.000000,1.000000,1.000000
8886,8861,CCCCOC(COC(=O)CC)COC(=O)CC,5,CCCCCCOC(COC(=O)CC)COC(=O)CC,6,435,435,435,0.009777,1.000000,1.000000,1.000000
8860,8864,CCCCCCCOC(COC(C)=O)COC(C)=O,6,CCCOC(COC(C)=O)COC(C)=O,4,435,435,435,0.009777,1.000000,1.000000,1.000000
8860,8872,CCCCCCCOC(COC(C)=O)COC(C)=O,6,CCOC(COC)COC,3,435,435,435,0.009777,1.000000,1.000000,1.000000
8860,8871,CCCCCCCOC(COC(C)=O)COC(C)=O,6,CCCCCOC(COC(C)=O)COC(C)=O,5,435,435,435,0.009777,1.000000,1.000000,1.000000
8860,8861,CCCCCCCOC(COC(C)=O)COC(C)=O,6,CCCCCCOC(COC(=O)CC)COC(=O)CC,6,435,435,435,0.009777,1.000000,1.000000,1.000000
8861,8864,CCCCCCOC(COC(=O)CC)COC(=O)CC,6,CCCOC(COC(C)=O)COC(C)=O,4,435,435,435,0.009777,1.000000,1.000000,1.000000
8860,8868,CCCCCCCOC(COC(C)=O)COC(C)=O,6,CCCCOC(COC)COC,4,435,435,435,0.009777,1.000000,1.000000,1.000000
8888,8861,CCCCCCCCOC(COC)COC,6,CCCCCCOC(COC(=O)CC)COC(=O)CC,6,435,435,435,0.009777,1.000000,1.000000,1.000000
8888,8860,CCCCCCCCOC(COC)COC,6,CCCCCCCOC(COC(C)=O)COC(C)=O,6,435,435,435,0.009777,1.000000,1.000000,1.000000
8861,8888,CCCCCCOC(COC(=O)CC)COC(=O)CC,6,CCCCCCCCOC(COC)COC,6,435,435,435,0.009777,1.000000,1.000000,1.000000
8864,8860,CCCOC(COC(C)=O)COC(C)=O,4,CCCCCCCOC(COC(C)=O)COC(C)=O,6,435,435,435,0.009777,1.000000,1.000000,1.000000
8861,8860,CCCCCCOC(COC(=O)CC)COC(=O)CC,6,CCCCCCCOC(COC(C)=O)COC(C)=O,6,435,435,435,0.009777,1.000000,1.000000,1.000000
8861,8884,CCCCCCOC(COC(=O)CC)COC(=O)CC,6,CCOC(COC)COC(=O)CC,4,435,435,435,0.009777,1.000000,1.000000,1.000000
8868,8864,CCCCOC(COC)COC,4,CCCOC(COC(C)=O)COC(C)=O,4,435,435,435,0.009777,1.000000,1.000000,1.000000
8868,8881,CCCCOC(COC)COC,4,CCCCCCOC(COC)COC,5,435,435,435,0.009777,1.000000,1.000000,1.000000
8868,8872,CCCCOC(COC)COC,4,CCOC(COC)COC,3,435,435,435,0.009777,1.000000,1.000000,1.000000
8868,8871,CCCCOC(COC)COC,4,CCCCCOC(COC(C)=O)COC(C)=O,5,435,435,435,0.009777,1.000000,1.000000,1.000000
8860,8886,CCCCCCCOC(COC(C)=O)COC(C)=O,6,CCCCOC(COC(=O)CC)COC(=O)CC,5,435,435,435,0.009777,1.000000,1.000000,1.000000
8860,8884,CCCCCCCOC(COC(C)=O)COC(C)=O,6,CCOC(COC)COC(=O)CC,4,435,435,435,0.009777,1.000000,1.000000,1.000000
8860,8881,CCCCCCCOC(COC(C)=O)COC(C)=O,6,CCCCCCOC(COC)COC,5,435,435,435,0.009777,1.000000,1.000000,1.000000
8861,8886,CCCCCCOC(COC(=O)CC)COC(=O)CC,6,CCCCOC(COC(=O)CC)COC(=O)CC,5,435,435,435,0.009777,1.000000,1.000000,1.000000
8881,8861,CCCCCCOC(COC)COC,5,CCCCCCOC(COC(=O)CC)COC(=O)CC,6,435,435,435,0.009777,1.000000,1.000000,1.000000
8861,8881,CCCCCCOC(COC(=O)CC)COC(=O)CC,6,CCCCCCOC(COC)COC,5,435,435,435,0.009777,1.000000,1.000000,1.000000
8860,8888,CCCCCCCOC(COC(C)=O)COC(C)=O,6,CCCCCCCCOC(COC)COC,6,435,435,435,0.009777,1.000000,1.000000,1.000000
8881,8864,CCCCCCOC(COC)COC,5,CCCOC(COC(C)=O)COC(C)=O,4,435,435,435,0.009777,1.000000,1.000000,1.000000
8881,8868,CCCCCCOC(COC)COC,5,CCCCOC(COC)COC,4,435,435,435,0.009777,1.000000,1.000000,1.000000
8872,8881,CCOC(COC)COC,3,CCCCCCOC(COC)COC,5,435,435,435,0.009777,1.000000,1.000000,1.000000
8872,8884,CCOC(COC)COC,3,CCOC(COC)COC(=O)CC,4,435,435,435,0.009777,1.000000,1.000000,1.000000
8872,8886,CCOC(COC)COC,3,CCCCOC(COC(=O)CC)COC(=O)CC,5,435,435,435,0.009777,1.000000,1.000000,1.000000
8888,8864,CCCCCCCCOC(COC)COC,6,CCCOC(COC(C)=O)COC(C)=O,4,435,435,435,0.009777,1.000000,1.000000,1.000000
8888,8868,CCCCCCCCOC(COC)COC,6,CCCCOC(COC)COC,4,435,435,435,0.009777,1.000000,1.000000,1.000000
8888,8871,CCCCCCCCOC(COC)COC,6,CCCCCOC(COC(C)=O)COC(C)=O,5,435,435,435,0.009777,1.000000,1.000000,1.000000
8888,8872,CCCCCCCCOC(COC)COC,6,CCOC(COC)COC,3,435,435,435,0.009777,1.000000,1.000000,1.000000
8888,8881,CCCCCCCCOC(COC)COC,6,CCCCCCOC(COC)COC,5,435,435,435,0.009777,1.000000,1.000000,1.000000
8888,8884,CCCCCCCCOC(COC)COC,6,CCOC(COC)COC(=O)CC,4,435,435,435,0.009777,1.000000,1.000000,1.000000
8888,8886,CCCCCCCCOC(COC)COC,6,CCCCOC(COC(=O)CC)COC(=O)CC,5,435,435,435,0.009777,1.000000,1.000000,1.000000
8886,8872,CCCCOC(COC(=O)CC)COC(=O)CC,5,CCOC(COC)COC,3,435,435,435,0.009777,1.000000,1.000000,1.000000
8886,8881,CCCCOC(COC(=O)CC)COC(=O)CC,5,CCCCCCOC(COC)COC,5,435,435,435,0.009777,1.000000,1.000000,1.000000
8886,8884,CCCCOC(COC(=O)CC)COC(=O)CC,5,CCOC(COC)COC(=O)CC,4,435,435,435,0.009777,1.000000,1.000000,1.000000
8886,8888,CCCCOC(COC(=O)CC)COC(=O)CC,5,CCCCCCCCOC(COC)COC,6,435,435,435,0.009777,1.000000,1.000000,1.000000
8884,8871,CCOC(COC)COC(=O)CC,4,CCCCCOC(COC(C)=O)COC(C)=O,5,435,435,435,0.009777,1.000000,1.000000,1.000000
8884,8872,CCOC(COC)COC(=O)CC,4,CCOC(COC)COC,3,435,435,435,0.009777,1.000000,1.000000,1.000000
8872,8888,CCOC(COC)COC,3,CCCCCCCCOC(COC)COC,6,435,435,435,0.009777,1.000000,1.000000,1.000000
8871,8872,CCCCCOC(COC(C)=O)COC(C)=O,5,CCOC(COC)COC,3,435,435,435,0.009777,1.000000,1.000000,1.000000
8871,8881,CCCCCOC(COC(C)=O)COC(C)=O,5,CCCCCCOC(COC)COC,5,435,435,435,0.009777,1.000000,1.000000,1.000000
8864,8871,CCCOC(COC(C)=O)COC(C)=O,4,CCCCCOC(COC(C)=O)COC(C)=O,5,435,435,435,0.009777,1.000000,1.000000,1.000000
8864,8872,CCCOC(COC(C)=O)COC(C)=O,4,CCOC(COC)COC,3,435,435,435,0.009777,1.000000,1.000000,1.000000
8864,8881,CCCOC(COC(C)=O)COC(C)=O,4,CCCCCCOC(COC)COC,5,435,435,435,0.009777,1.000000,1.000000,1.000000
8864,8884,CCCOC(COC(C)=O)COC(C)=O,4,CCOC(COC)COC(=O)CC,4,435,435,435,0.009777,1.000000,1.000000,1.000000
8864,8886,CCCOC(COC(C)=O)COC(C)=O,4,CCCCOC(COC(=O)CC)COC(=O)CC,5,435,435,435,0.009777,1.000000,1.000000,1.000000
8864,8888,CCCOC(COC(C)=O)COC(C)=O,4,CCCCCCCCOC(COC)COC,6,435,435,435,0.009777,1.000000,1.000000,1.000000
8871,8888,CCCCCOC(COC(C)=O)COC(C)=O,5,CCCCCCCCOC(COC)COC,6,435,435,435,0.009777,1.000000,1.000000,1.000000
8872,8860,CCOC(COC)COC,3,CCCCCCCOC(COC(C)=O)COC(C)=O,6,435,435,435,0.009777,1.000000,1.000000,1.000000
8872,8861,CCOC(COC)COC,3,CCCCCCOC(COC(=O)CC)COC(=O)CC,6,435,435,435,0.009777,1.000000,1.000000,1.000000
8872,8871,CCOC(COC)COC,3,CCCCCOC(COC(C)=O)COC(C)=O,5,435,435,435,0.009777,1.000000,1.000000,1.000000
8871,8860,CCCCCOC(COC(C)=O)COC(C)=O,5,CCCCCCCOC(COC(C)=O)COC(C)=O,6,435,435,435,0.009777,1.000000,1.000000,1.000000
8871,8861,CCCCCOC(COC(C)=O)COC(C)=O,5,CCCCCCOC(COC(=O)CC)COC(=O)CC,6,435,435,435,0.009777,1.000000,1.000000,1.000000
8861,8868,CCCCCCOC(COC(=O)CC)COC(=O)CC,6,CCCCOC(COC)COC,4,435,435,435,0.009777,1.000000,1.000000,1.000000
8861,8871,CCCCCCOC(COC(=O)CC)COC(=O)CC,6,CCCCCOC(COC(C)=O)COC(C)=O,5,435,435,435,0.009777,1.000000,1.000000,1.000000
8861,8872,CCCCCCOC(COC(=O)CC)COC(=O)CC,6,CCOC(COC)COC,3,435,435,435,0.009777,1.000000,1.000000,1.000000
8881,8860,CCCCCCOC(COC)COC,5,CCCCCCCOC(COC(C)=O)COC(C)=O,6,435,435,435,0.009777,1.000000,1.000000,1.000000
8871,8864,CCCCCOC(COC(C)=O)COC(C)=O,5,CCCOC(COC(C)=O)COC(C)=O,4,435,435,435,0.009777,1.000000,1.000000,1.000000
8871,8868,CCCCCOC(COC(C)=O)COC(C)=O,5,CCCCOC(COC)COC,4,435,435,435,0.009777,1.000000,1.000000,1.000000
8868,8884,CCCCOC(COC)COC,4,CCOC(COC)COC(=O)CC,4,435,435,435,0.009777,1.000000,1.000000,1.000000
8871,8884,CCCCCOC(COC(C)=O)COC(C)=O,5,CCOC(COC)COC(=O)CC,4,435,435,435,0.009777,1.000000,1.000000,1.000000
8871,8886,CCCCCOC(COC(C)=O)COC(C)=O,5,CCCCOC(COC(=O)CC)COC(=O)CC,5,435,435,435,0.009777,1.000000,1.000000,1.000000
8886,8864,CCCCOC(COC(=O)CC)COC(=O)CC,5,CCCOC(COC(C)=O)COC(C)=O,4,435,435,435,0.009777,1.000000,1.000000,1.000000
8886,8868,CCCCOC(COC(=O)CC)COC(=O)CC,5,CCCCOC(COC)COC,4,435,435,435,0.009777,1.000000,1.000000,1.000000
8886,8871,CCCCOC(COC(=O)CC)COC(=O)CC,5,CCCCCOC(COC(C)=O)COC(C)=O,5,435,435,435,0.009777,1.000000,1.000000,1.000000
8881,8884,CCCCCCOC(COC)COC,5,CCOC(COC)COC(=O)CC,4,435,435,435,0.009777,1.000000,1.000000,1.000000
8881,8886,CCCCCCOC(COC)COC,5,CCCCOC(COC(=O)CC)COC(=O)CC,5,435,435,435,0.009777,1.000000,1.000000,1.000000
8881,8888,CCCCCCOC(COC)COC,5,CCCCCCCCOC(COC)COC,6,435,435,435,0.009777,1.000000,1.000000,1.000000
8884,8860,CCOC(COC)COC(=O)CC,4,CCCCCCCOC(COC(C)=O)COC(C)=O,6,435,435,435,0.009777,1.000000,1.000000,1.000000
8884,8861,CCOC(COC)COC(=O)CC,4,CCCCCCOC(COC(=O)CC)COC(=O)CC,6,435,435,435,0.009777,1.000000,1.000000,1.000000
8884,8864,CCOC(COC)COC(=O)CC,4,CCCOC(COC(C)=O)COC(C)=O,4,435,435,435,0.009777,1.000000,1.000000,1.000000
8884,8868,CCOC(COC)COC(=O)CC,4,CCCCOC(COC)COC,4,435,435,435,0.009777,1.000000,1.000000,1.000000
8881,8871,CCCCCCOC(COC)COC,5,CCCCCOC(COC(C)=O)COC(C)=O,5,435,435,435,0.009777,1.000000,1.000000,1.000000
8884,8886,CCOC(COC)COC(=O)CC,4,CCCCOC(COC(=O)CC)COC(=O)CC,5,435,435,435,0.009777,1.000000,1.000000,1.000000
8884,8888,CCOC(COC)COC(=O)CC,4,CCCCCCCCOC(COC)COC,6,435,435,435,0.009777,1.000000,1.000000,1.000000
8881,8872,CCCCCCOC(COC)COC,5,CCOC(COC)COC,3,435,435,435,0.009777,1.000000,1.000000,1.000000
8868,8886,CCCCOC(COC)COC,4,CCCCOC(COC(=O)CC)COC(=O)CC,5,435,435,435,0.009777,1.000000,1.000000,1.000000
8868,8888,CCCCOC(COC)COC,4,CCCCCCCCOC(COC)COC,6,435,435,435,0.009777,1.000000,1.000000,1.000000
8868,8860,CCCCOC(COC)COC,4,CCCCCCCOC(COC(C)=O)COC(C)=O,6,435,435,435,0.009777,1.000000,1.000000,1.000000
8868,8861,CCCCOC(COC)COC,4,CCCCCCOC(COC(=O)CC)COC(=O)CC,6,435,435,435,0.009777,1.000000,1.000000,1.000000
8872,8864,CCOC(COC)COC,3,CCCOC(COC(C)=O)COC(C)=O,4,435,435,435,0.009777,1.000000,1.000000,1.000000
8872,8868,CCOC(COC)COC,3,CCCCOC(COC)COC,4,435,435,435,0.009777,1.000000,1.000000,1.000000
14438,14433,NCc1c(O)cccc1O,3,CC(=O)c1ccc(O)c(CN)c1O,4,273,273,273,0.006489,1.000000,1.000000,1.000000
14433,14438,CC(=O)c1ccc(O)c(CN)c1O,4,NCc1c(O)cccc1O,3,273,273,273,0.006489,1.000000,1.000000,1.000000
14441,14429,ccc1cn(-c(c)n)cc1c,3,c-n1cc2cccc(CO)c2c1,3,273,273,273,0.006489,1.000000,1.000000,1.000000
14429,14441,c-n1cc2cccc(CO)c2c1,3,ccc1cn(-c(c)n)cc1c,3,273,273,273,0.006489,1.000000,1.000000,1.000000
4263,4266,CCCCCC(=O)OC(COC(=O)CC)COC(=O)CC,6,CCCCCC(=O)OC(COC)COC,5,930,930,930,0.018936,1.000000,1.000000,1.000000
9509,9498,COc1ccc2c(C)cc(=O)oc2c1,4,COc1ccc2c(C)ccoc2c1,4,407,407,407,0.009223,1.000000,1.000000,1.000000
4263,4261,CCCCCC(=O)OC(COC(=O)CC)COC(=O)CC,6,CC=CCCCCC(=O)OC(COC)COC,6,930,930,930,0.018936,1.000000,1.000000,1.000000
9490,9496,NCc1ccc2c(c1)OCO2,4,COc1cc(CN)ccc1O,3,407,407,407,0.009223,1.000000,1.000000,1.000000
13479,13459,NC(=O)CC1NC(=O)c2ccccc2NC1=O,5,ccc1c(c)NC(=O)C(CC(N)=O)NC1=O,4,291,291,291,0.006866,1.000000,1.000000,1.000000
13471,13469,ccc1c(c)C(C)c2ccccc2-1,3,ccc(c(c)-c)C(C)c,2,291,291,291,0.006866,1.000000,1.000000,1.000000
13489,13474,cNC(=O)C(CC(N)=O)NC(c)=O,3,ccc1c(c)C(=O)NC(CC(N)=O)C(=O)N1,4,291,291,291,0.006866,1.000000,1.000000,1.000000
13471,13490,ccc1c(c)C(C)c2ccccc2-1,3,c-c1ccccc1C(C)c,3,291,291,291,0.006866,1.000000,1.000000,1.000000
13477,13480,COC1C(C)OC(O)C(O)C1OC(C)(C)O,3,COC1C(O)COC(CO)C1OC(C)O,3,291,291,291,0.006866,1.000000,1.000000,1.000000
13489,13459,cNC(=O)C(CC(N)=O)NC(c)=O,3,ccc1c(c)NC(=O)C(CC(N)=O)NC1=O,4,291,291,291,0.006866,1.000000,1.000000,1.000000
13474,13489,ccc1c(c)C(=O)NC(CC(N)=O)C(=O)N1,4,cNC(=O)C(CC(N)=O)NC(c)=O,3,291,291,291,0.006866,1.000000,1.000000,1.000000
4268,4261,C=CCCCCC(=O)OC(COC(C)=O)COC(C)=O,6,CC=CCCCCC(=O)OC(COC)COC,6,930,930,930,0.018936,1.000000,1.000000,1.000000
13490,13471,c-c1ccccc1C(C)c,3,ccc1c(c)C(C)c2ccccc2-1,3,291,291,291,0.006866,1.000000,1.000000,1.000000
9496,9490,COc1cc(CN)ccc1O,3,NCc1ccc2c(c1)OCO2,4,407,407,407,0.009223,1.000000,1.000000,1.000000
9498,9509,COc1ccc2c(C)ccoc2c1,4,COc1ccc2c(C)cc(=O)oc2c1,4,407,407,407,0.009223,1.000000,1.000000,1.000000
13489,13479,cNC(=O)C(CC(N)=O)NC(c)=O,3,NC(=O)CC1NC(=O)c2ccccc2NC1=O,5,291,291,291,0.006866,1.000000,1.000000,1.000000
13490,13469,c-c1ccccc1C(C)c,3,ccc(c(c)-c)C(C)c,2,291,291,291,0.006866,1.000000,1.000000,1.000000
13459,13474,ccc1c(c)NC(=O)C(CC(N)=O)NC1=O,4,ccc1c(c)C(=O)NC(CC(N)=O)C(=O)N1,4,291,291,291,0.006866,1.000000,1.000000,1.000000
13480,13477,COC1C(O)COC(CO)C1OC(C)O,3,COC1C(C)OC(O)C(O)C1OC(C)(C)O,3,291,291,291,0.006866,1.000000,1.000000,1.000000
7953,7949,CN1CCCC1c(n)o,3,CCC(c1nc(-c)no1)N(C)C,3,485,485,485,0.010754,1.000000,1.000000,1.000000
7954,7953,CCC(c(n)o)N(C)C,2,CN1CCCC1c(n)o,3,485,485,485,0.010754,1.000000,1.000000,1.000000
7953,7954,CN1CCCC1c(n)o,3,CCC(c(n)o)N(C)C,2,485,485,485,0.010754,1.000000,1.000000,1.000000
7949,7953,CCC(c1nc(-c)no1)N(C)C,3,CN1CCCC1c(n)o,3,485,485,485,0.010754,1.000000,1.000000,1.000000
7949,7954,CCC(c1nc(-c)no1)N(C)C,3,CCC(c(n)o)N(C)C,2,485,485,485,0.010754,1.000000,1.000000,1.000000
13474,13459,ccc1c(c)C(=O)NC(CC(N)=O)C(=O)N1,4,ccc1c(c)NC(=O)C(CC(N)=O)NC1=O,4,291,291,291,0.006866,1.000000,1.000000,1.000000
7954,7949,CCC(c(n)o)N(C)C,2,CCC(c1nc(-c)no1)N(C)C,3,485,485,485,0.010754,1.000000,1.000000,1.000000
4262,4270,Cn1cnc2c(N)ncnc21,3,cn(C)c1ncnc(N)c1n,4,930,930,930,0.018936,1.000000,1.000000,1.000000
4261,4268,CC=CCCCCC(=O)OC(COC)COC,6,C=CCCCCC(=O)OC(COC(C)=O)COC(C)=O,6,930,930,930,0.018936,1.000000,1.000000,1.000000
13474,13479,ccc1c(c)C(=O)NC(CC(N)=O)C(=O)N1,4,NC(=O)CC1NC(=O)c2ccccc2NC1=O,5,291,291,291,0.006866,1.000000,1.000000,1.000000
13479,13489,NC(=O)CC1NC(=O)c2ccccc2NC1=O,5,cNC(=O)C(CC(N)=O)NC(c)=O,3,291,291,291,0.006866,1.000000,1.000000,1.000000
4266,4268,CCCCCC(=O)OC(COC)COC,5,C=CCCCCC(=O)OC(COC(C)=O)COC(C)=O,6,930,930,930,0.018936,1.000000,1.000000,1.000000
13459,13479,ccc1c(c)NC(=O)C(CC(N)=O)NC1=O,4,NC(=O)CC1NC(=O)c2ccccc2NC1=O,5,291,291,291,0.006866,1.000000,1.000000,1.000000
13469,13490,ccc(c(c)-c)C(C)c,2,c-c1ccccc1C(C)c,3,291,291,291,0.006866,1.000000,1.000000,1.000000
13469,13471,ccc(c(c)-c)C(C)c,2,ccc1c(c)C(C)c2ccccc2-1,3,291,291,291,0.006866,1.000000,1.000000,1.000000
13459,13489,ccc1c(c)NC(=O)C(CC(N)=O)NC1=O,4,cNC(=O)C(CC(N)=O)NC(c)=O,3,291,291,291,0.006866,1.000000,1.000000,1.000000
4268,4266,C=CCCCCC(=O)OC(COC(C)=O)COC(C)=O,6,CCCCCC(=O)OC(COC)COC,5,930,930,930,0.018936,1.000000,1.000000,1.000000
13479,13474,NC(=O)CC1NC(=O)c2ccccc2NC1=O,5,ccc1c(c)C(=O)NC(CC(N)=O)C(=O)N1,4,291,291,291,0.006866,1.000000,1.000000,1.000000
4261,4263,CC=CCCCCC(=O)OC(COC)COC,6,CCCCCC(=O)OC(COC(=O)CC)COC(=O)CC,6,930,930,930,0.018936,1.000000,1.000000,1.000000
4263,4268,CCCCCC(=O)OC(COC(=O)CC)COC(=O)CC,6,C=CCCCCC(=O)OC(COC(C)=O)COC(C)=O,6,930,930,930,0.018936,1.000000,1.000000,1.000000
4261,4266,CC=CCCCCC(=O)OC(COC)COC,6,CCCCCC(=O)OC(COC)COC,5,930,930,930,0.018936,1.000000,1.000000,1.000000
4266,4261,CCCCCC(=O)OC(COC)COC,5,CC=CCCCCC(=O)OC(COC)COC,6,930,930,930,0.018936,1.000000,1.000000,1.000000
4266,4263,CCCCCC(=O)OC(COC)COC,5,CCCCCC(=O)OC(COC(=O)CC)COC(=O)CC,6,930,930,930,0.018936,1.000000,1.000000,1.000000
6332,6338,CCC(C)C(NC)C(=O)O,3,CNC(C(=O)O)C(C)C,2,610,610,610,0.013136,1.000000,1.000000,1.000000
6338,6332,CNC(C(=O)O)C(C)C,2,CCC(C)C(NC)C(=O)O,3,610,610,610,0.013136,1.000000,1.000000,1.000000
4270,4262,cn(C)c1ncnc(N)c1n,4,Cn1cnc2c(N)ncnc21,3,930,930,930,0.018936,1.000000,1.000000,1.000000
4268,4263,C=CCCCCC(=O)OC(COC(C)=O)COC(C)=O,6,CCCCCC(=O)OC(COC(=O)CC)COC(=O)CC,6,930,930,930,0.018936,1.000000,1.000000,1.000000
3290,3291,CC=CCC=CCCC(=O)OC,5,CCC=CCCC(=O)OC,4,1212,1212,1212,0.023784,1.000000,1.000000,1.000000
3291,3290,CCC=CCCC(=O)OC,4,CC=CCC=CCCC(=O)OC,5,1212,1212,1212,0.023784,1.000000,1.000000,1.000000
9173,9162,cc(n)n(cn)C1OC(CO)C(OP(=O)(O)O)C1O,4,cnc1c(c)ncn1C1OC(COP)C(OP(=O)(O)O)C1O,5,421,421,421,0.009500,1.000000,1.000000,1.000000
9175,9168,cc(n)C(CN)C(C)C,2,cc(n)C1CN2CCC1CC2C,3,421,421,421,0.009500,1.000000,1.000000,1.000000
2858,2857,ccc1[nH]cc(CC(C)N)c1cc,4,CC(N)Cc1c[nH]c2ccccc12,4,1392,1392,1392,0.026780,1.000000,1.000000,1.000000
2857,2858,CC(N)Cc1c[nH]c2ccccc12,4,ccc1[nH]cc(CC(C)N)c1cc,4,1392,1392,1392,0.026780,1.000000,1.000000,1.000000
9168,9165,cc(n)C1CN2CCC1CC2C,3,ccc(C1CN2CCC1CC2)n(C)n,3,421,421,421,0.009500,1.000000,1.000000,1.000000
9168,9175,cc(n)C1CN2CCC1CC2C,3,cc(n)C(CN)C(C)C,2,421,421,421,0.009500,1.000000,1.000000,1.000000
9165,9175,ccc(C1CN2CCC1CC2)n(C)n,3,cc(n)C(CN)C(C)C,2,421,421,421,0.009500,1.000000,1.000000,1.000000
9165,9168,ccc(C1CN2CCC1CC2)n(C)n,3,cc(n)C1CN2CCC1CC2C,3,421,421,421,0.009500,1.000000,1.000000,1.000000
9171,9180,ccc1oc(C)c(C)c1c,3,Cc1oc2ccccc2c1C,3,421,421,421,0.009500,1.000000,1.000000,1.000000
9173,9176,cc(n)n(cn)C1OC(CO)C(OP(=O)(O)O)C1O,4,Nc1ncnc2c1ncn2C1OC(COP)C(OP(=O)(O)O)C1O,5,421,421,421,0.009500,1.000000,1.000000,1.000000
9176,9162,Nc1ncnc2c1ncn2C1OC(COP)C(OP(=O)(O)O)C1O,5,cnc1c(c)ncn1C1OC(COP)C(OP(=O)(O)O)C1O,5,421,421,421,0.009500,1.000000,1.000000,1.000000
9180,9171,Cc1oc2ccccc2c1C,3,ccc1oc(C)c(C)c1c,3,421,421,421,0.009500,1.000000,1.000000,1.000000
9175,9165,cc(n)C(CN)C(C)C,2,ccc(C1CN2CCC1CC2)n(C)n,3,421,421,421,0.009500,1.000000,1.000000,1.000000
9176,9173,Nc1ncnc2c1ncn2C1OC(COP)C(OP(=O)(O)O)C1O,5,cc(n)n(cn)C1OC(CO)C(OP(=O)(O)O)C1O,4,421,421,421,0.009500,1.000000,1.000000,1.000000
7528,7532,C=C(C)N(C)C(C)=O,2,C=C(C)N(C)C(=O)CCC,3,511,511,511,0.011256,1.000000,1.000000,1.000000
7532,7528,C=C(C)N(C)C(=O)CCC,3,C=C(C)N(C)C(C)=O,2,511,511,511,0.011256,1.000000,1.000000,1.000000
9162,9173,cnc1c(c)ncn1C1OC(COP)C(OP(=O)(O)O)C1O,5,cc(n)n(cn)C1OC(CO)C(OP(=O)(O)O)C1O,4,421,421,421,0.009500,1.000000,1.000000,1.000000
9162,9176,cnc1c(c)ncn1C1OC(COP)C(OP(=O)(O)O)C1O,5,Nc1ncnc2c1ncn2C1OC(COP)C(OP(=O)(O)O)C1O,5,421,421,421,0.009500,1.000000,1.000000,1.000000
14598,14592,CCC1CNC(=O)C2CC(NC)CN12,4,CNC1CC(C)N(C(C)C)C1,3,270,270,270,0.006426,1.000000,1.000000,1.000000
8993,8979,C=CCCCC(=O)CCCC(C)OC(c)=O,6,cC=CCCCC(=O)CCCC(C)OC,6,430,430,430,0.009678,1.000000,1.000000,1.000000
8988,8979,C=CCCCC(=O)CCCC(C)O,5,cC=CCCCC(=O)CCCC(C)OC,6,430,430,430,0.009678,1.000000,1.000000,1.000000
8993,8988,C=CCCCC(=O)CCCC(C)OC(c)=O,6,C=CCCCC(=O)CCCC(C)O,5,430,430,430,0.009678,1.000000,1.000000,1.000000
8988,8981,C=CCCCC(=O)CCCC(C)O,5,CCCCC(=O)CCCC,4,430,430,430,0.009678,1.000000,1.000000,1.000000
14598,14622,CCC1CNC(=O)C2CC(NC)CN12,4,CNC1CC(C(N)=O)N(C)C1,3,270,270,270,0.006426,1.000000,1.000000,1.000000
14592,14584,CNC1CC(C)N(C(C)C)C1,3,CCCC1CNC(=O)C2CC(NC)CN12,4,270,270,270,0.006426,1.000000,1.000000,1.000000
14592,14598,CNC1CC(C)N(C(C)C)C1,3,CCC1CNC(=O)C2CC(NC)CN12,4,270,270,270,0.006426,1.000000,1.000000,1.000000
14592,14622,CNC1CC(C)N(C(C)C)C1,3,CNC1CC(C(N)=O)N(C)C1,3,270,270,270,0.006426,1.000000,1.000000,1.000000
14595,14604,CNC(COC1OC(CO)C(OC(OC)C(C)O)C(O)C1O)C(C)O,6,CNC(COC1OC(CO)C(OC)C(O)C1O)C(C)O,5,270,270,270,0.006426,1.000000,1.000000,1.000000
8993,8986,C=CCCCC(=O)CCCC(C)OC(c)=O,6,cC=CCCCC(=O)CCCC,5,430,430,430,0.009678,1.000000,1.000000,1.000000
14584,14592,CCCC1CNC(=O)C2CC(NC)CN12,4,CNC1CC(C)N(C(C)C)C1,3,270,270,270,0.006426,1.000000,1.000000,1.000000
8988,8985,C=CCCCC(=O)CCCC(C)O,5,CCCCC(=O)CCCC(C)OC,5,430,430,430,0.009678,1.000000,1.000000,1.000000
8986,8979,cC=CCCCC(=O)CCCC,5,cC=CCCCC(=O)CCCC(C)OC,6,430,430,430,0.009678,1.000000,1.000000,1.000000
8981,8986,CCCCC(=O)CCCC,4,cC=CCCCC(=O)CCCC,5,430,430,430,0.009678,1.000000,1.000000,1.000000
8981,8985,CCCCC(=O)CCCC,4,CCCCC(=O)CCCC(C)OC,5,430,430,430,0.009678,1.000000,1.000000,1.000000
8979,8981,cC=CCCCC(=O)CCCC(C)OC,6,CCCCC(=O)CCCC,4,430,430,430,0.009678,1.000000,1.000000,1.000000
8985,8986,CCCCC(=O)CCCC(C)OC,5,cC=CCCCC(=O)CCCC,5,430,430,430,0.009678,1.000000,1.000000,1.000000
8985,8988,CCCCC(=O)CCCC(C)OC,5,C=CCCCC(=O)CCCC(C)O,5,430,430,430,0.009678,1.000000,1.000000,1.000000
8985,8981,CCCCC(=O)CCCC(C)OC,5,CCCCC(=O)CCCC,4,430,430,430,0.009678,1.000000,1.000000,1.000000
8985,8979,CCCCC(=O)CCCC(C)OC,5,cC=CCCCC(=O)CCCC(C)OC,6,430,430,430,0.009678,1.000000,1.000000,1.000000
8985,8993,CCCCC(=O)CCCC(C)OC,5,C=CCCCC(=O)CCCC(C)OC(c)=O,6,430,430,430,0.009678,1.000000,1.000000,1.000000
14622,14584,CNC1CC(C(N)=O)N(C)C1,3,CCCC1CNC(=O)C2CC(NC)CN12,4,270,270,270,0.006426,1.000000,1.000000,1.000000
14604,14595,CNC(COC1OC(CO)C(OC)C(O)C1O)C(C)O,5,CNC(COC1OC(CO)C(OC(OC)C(C)O)C(O)C1O)C(C)O,6,270,270,270,0.006426,1.000000,1.000000,1.000000
14584,14622,CCCC1CNC(=O)C2CC(NC)CN12,4,CNC1CC(C(N)=O)N(C)C1,3,270,270,270,0.006426,1.000000,1.000000,1.000000
14598,14584,CCC1CNC(=O)C2CC(NC)CN12,4,CCCC1CNC(=O)C2CC(NC)CN12,4,270,270,270,0.006426,1.000000,1.000000,1.000000
14584,14598,CCCC1CNC(=O)C2CC(NC)CN12,4,CCC1CNC(=O)C2CC(NC)CN12,4,270,270,270,0.006426,1.000000,1.000000,1.000000
8986,8993,cC=CCCCC(=O)CCCC,5,C=CCCCC(=O)CCCC(C)OC(c)=O,6,430,430,430,0.009678,1.000000,1.000000,1.000000
8986,8988,cC=CCCCC(=O)CCCC,5,C=CCCCC(=O)CCCC(C)O,5,430,430,430,0.009678,1.000000,1.000000,1.000000
8986,8985,cC=CCCCC(=O)CCCC,5,CCCCC(=O)CCCC(C)OC,5,430,430,430,0.009678,1.000000,1.000000,1.000000
8988,8993,C=CCCCC(=O)CCCC(C)O,5,C=CCCCC(=O)CCCC(C)OC(c)=O,6,430,430,430,0.009678,1.000000,1.000000,1.000000
8986,8981,cC=CCCCC(=O)CCCC,5,CCCCC(=O)CCCC,4,430,430,430,0.009678,1.000000,1.000000,1.000000
8993,8981,C=CCCCC(=O)CCCC(C)OC(c)=O,6,CCCCC(=O)CCCC,4,430,430,430,0.009678,1.000000,1.000000,1.000000
8993,8985,C=CCCCC(=O)CCCC(C)OC(c)=O,6,CCCCC(=O)CCCC(C)OC,5,430,430,430,0.009678,1.000000,1.000000,1.000000
8979,8993,cC=CCCCC(=O)CCCC(C)OC,6,C=CCCCC(=O)CCCC(C)OC(c)=O,6,430,430,430,0.009678,1.000000,1.000000,1.000000
8979,8985,cC=CCCCC(=O)CCCC(C)OC,6,CCCCC(=O)CCCC(C)OC,5,430,430,430,0.009678,1.000000,1.000000,1.000000
8981,8993,CCCCC(=O)CCCC,4,C=CCCCC(=O)CCCC(C)OC(c)=O,6,430,430,430,0.009678,1.000000,1.000000,1.000000
8981,8988,CCCCC(=O)CCCC,4,C=CCCCC(=O)CCCC(C)O,5,430,430,430,0.009678,1.000000,1.000000,1.000000
8979,8986,cC=CCCCC(=O)CCCC(C)OC,6,cC=CCCCC(=O)CCCC,5,430,430,430,0.009678,1.000000,1.000000,1.000000
8979,8988,cC=CCCCC(=O)CCCC(C)OC,6,C=CCCCC(=O)CCCC(C)O,5,430,430,430,0.009678,1.000000,1.000000,1.000000
14622,14592,CNC1CC(C(N)=O)N(C)C1,3,CNC1CC(C)N(C(C)C)C1,3,270,270,270,0.006426,1.000000,1.000000,1.000000
14622,14598,CNC1CC(C(N)=O)N(C)C1,3,CCC1CNC(=O)C2CC(NC)CN12,4,270,270,270,0.006426,1.000000,1.000000,1.000000
8981,8979,CCCCC(=O)CCCC,4,cC=CCCCC(=O)CCCC(C)OC,6,430,430,430,0.009678,1.000000,1.000000,1.000000
8988,8986,C=CCCCC(=O)CCCC(C)O,5,cC=CCCCC(=O)CCCC,5,430,430,430,0.009678,1.000000,1.000000,1.000000
9422,9410,CC1CC(C)C(C)(C(C)C)C(O)C1,3,CC(C)C(C)(C(C)C)C(C)O,2,411,411,411,0.009302,1.000000,1.000000,1.000000
9410,9422,CC(C)C(C)(C(C)C)C(C)O,2,CC1CC(C)C(C)(C(C)C)C(O)C1,3,411,411,411,0.009302,1.000000,1.000000,1.000000
3686,3688,CC(C)C(C(N)=O)C(C)(C)O,2,CC1CC2(C)C=CC1O2,3,1078,1078,1078,0.021506,1.000000,1.000000,1.000000
3686,3687,CC(C)C(C(N)=O)C(C)(C)O,2,CC(C)OC(C)(C)C,2,1078,1078,1078,0.021506,1.000000,1.000000,1.000000
6666,6662,cc(C)nc[nH],2,c[nH]cc(C)n,2,578,578,578,0.012534,1.000000,1.000000,1.000000
6662,6659,c[nH]cc(C)n,2,Cc1c[nH]cn1,3,578,578,578,0.012534,1.000000,1.000000,1.000000
6662,6666,c[nH]cc(C)n,2,cc(C)nc[nH],2,578,578,578,0.012534,1.000000,1.000000,1.000000
6659,6662,Cc1c[nH]cn1,3,c[nH]cc(C)n,2,578,578,578,0.012534,1.000000,1.000000,1.000000
6659,6666,Cc1c[nH]cn1,3,cc(C)nc[nH],2,578,578,578,0.012534,1.000000,1.000000,1.000000
6666,6659,cc(C)nc[nH],2,Cc1c[nH]cn1,3,578,578,578,0.012534,1.000000,1.000000,1.000000
4521,4526,CC=CCCC(=O)OC(COC)COC,5,CC=CCCC(=O)OC(COC(=O)CC)COC(=O)CC,6,870,870,870,0.017876,1.000000,1.000000,1.000000
4523,4527,CCC=CCCC(=O)OC(COC(C)=O)COC(C)=O,6,C=CCC=CCCC(=O)OC(COC)COC,6,870,870,870,0.017876,1.000000,1.000000,1.000000
4521,4523,CC=CCCC(=O)OC(COC)COC,5,CCC=CCCC(=O)OC(COC(C)=O)COC(C)=O,6,870,870,870,0.017876,1.000000,1.000000,1.000000
4521,4524,CC=CCCC(=O)OC(COC)COC,5,CCCC(=O)OC(COC(=O)CC)COC(=O)CC,5,870,870,870,0.017876,1.000000,1.000000,1.000000
4523,4526,CCC=CCCC(=O)OC(COC(C)=O)COC(C)=O,6,CC=CCCC(=O)OC(COC(=O)CC)COC(=O)CC,6,870,870,870,0.017876,1.000000,1.000000,1.000000
4523,4528,CCC=CCCC(=O)OC(COC(C)=O)COC(C)=O,6,C=CCCC(=O)OC(COC(C)=O)COC(C)=O,5,870,870,870,0.017876,1.000000,1.000000,1.000000
4523,4524,CCC=CCCC(=O)OC(COC(C)=O)COC(C)=O,6,CCCC(=O)OC(COC(=O)CC)COC(=O)CC,5,870,870,870,0.017876,1.000000,1.000000,1.000000
4524,4526,CCCC(=O)OC(COC(=O)CC)COC(=O)CC,5,CC=CCCC(=O)OC(COC(=O)CC)COC(=O)CC,6,870,870,870,0.017876,1.000000,1.000000,1.000000
4528,4527,C=CCCC(=O)OC(COC(C)=O)COC(C)=O,5,C=CCC=CCCC(=O)OC(COC)COC,6,870,870,870,0.017876,1.000000,1.000000,1.000000
4528,4526,C=CCCC(=O)OC(COC(C)=O)COC(C)=O,5,CC=CCCC(=O)OC(COC(=O)CC)COC(=O)CC,6,870,870,870,0.017876,1.000000,1.000000,1.000000
4528,4523,C=CCCC(=O)OC(COC(C)=O)COC(C)=O,5,CCC=CCCC(=O)OC(COC(C)=O)COC(C)=O,6,870,870,870,0.017876,1.000000,1.000000,1.000000
4528,4524,C=CCCC(=O)OC(COC(C)=O)COC(C)=O,5,CCCC(=O)OC(COC(=O)CC)COC(=O)CC,5,870,870,870,0.017876,1.000000,1.000000,1.000000
4522,4527,CCCC(=O)OC(COC)COC,4,C=CCC=CCCC(=O)OC(COC)COC,6,870,870,870,0.017876,1.000000,1.000000,1.000000
4522,4526,CCCC(=O)OC(COC)COC,4,CC=CCCC(=O)OC(COC(=O)CC)COC(=O)CC,6,870,870,870,0.017876,1.000000,1.000000,1.000000
4522,4524,CCCC(=O)OC(COC)COC,4,CCCC(=O)OC(COC(=O)CC)COC(=O)CC,5,870,870,870,0.017876,1.000000,1.000000,1.000000
4522,4528,CCCC(=O)OC(COC)COC,4,C=CCCC(=O)OC(COC(C)=O)COC(C)=O,5,870,870,870,0.017876,1.000000,1.000000,1.000000
4527,4528,C=CCC=CCCC(=O)OC(COC)COC,6,C=CCCC(=O)OC(COC(C)=O)COC(C)=O,5,870,870,870,0.017876,1.000000,1.000000,1.000000
4522,4523,CCCC(=O)OC(COC)COC,4,CCC=CCCC(=O)OC(COC(C)=O)COC(C)=O,6,870,870,870,0.017876,1.000000,1.000000,1.000000
4522,4521,CCCC(=O)OC(COC)COC,4,CC=CCCC(=O)OC(COC)COC,5,870,870,870,0.017876,1.000000,1.000000,1.000000
4526,4528,CC=CCCC(=O)OC(COC(=O)CC)COC(=O)CC,6,C=CCCC(=O)OC(COC(C)=O)COC(C)=O,5,870,870,870,0.017876,1.000000,1.000000,1.000000
4526,4527,CC=CCCC(=O)OC(COC(=O)CC)COC(=O)CC,6,C=CCC=CCCC(=O)OC(COC)COC,6,870,870,870,0.017876,1.000000,1.000000,1.000000
4526,4524,CC=CCCC(=O)OC(COC(=O)CC)COC(=O)CC,6,CCCC(=O)OC(COC(=O)CC)COC(=O)CC,5,870,870,870,0.017876,1.000000,1.000000,1.000000
4526,4523,CC=CCCC(=O)OC(COC(=O)CC)COC(=O)CC,6,CCC=CCCC(=O)OC(COC(C)=O)COC(C)=O,6,870,870,870,0.017876,1.000000,1.000000,1.000000
4521,4527,CC=CCCC(=O)OC(COC)COC,5,C=CCC=CCCC(=O)OC(COC)COC,6,870,870,870,0.017876,1.000000,1.000000,1.000000
4524,4523,CCCC(=O)OC(COC(=O)CC)COC(=O)CC,5,CCC=CCCC(=O)OC(COC(C)=O)COC(C)=O,6,870,870,870,0.017876,1.000000,1.000000,1.000000
4521,4522,CC=CCCC(=O)OC(COC)COC,5,CCCC(=O)OC(COC)COC,4,870,870,870,0.017876,1.000000,1.000000,1.000000
4521,4528,CC=CCCC(=O)OC(COC)COC,5,C=CCCC(=O)OC(COC(C)=O)COC(C)=O,5,870,870,870,0.017876,1.000000,1.000000,1.000000
4523,4521,CCC=CCCC(=O)OC(COC(C)=O)COC(C)=O,6,CC=CCCC(=O)OC(COC)COC,5,870,870,870,0.017876,1.000000,1.000000,1.000000
4523,4522,CCC=CCCC(=O)OC(COC(C)=O)COC(C)=O,6,CCCC(=O)OC(COC)COC,4,870,870,870,0.017876,1.000000,1.000000,1.000000
4527,4524,C=CCC=CCCC(=O)OC(COC)COC,6,CCCC(=O)OC(COC(=O)CC)COC(=O)CC,5,870,870,870,0.017876,1.000000,1.000000,1.000000
4527,4526,C=CCC=CCCC(=O)OC(COC)COC,6,CC=CCCC(=O)OC(COC(=O)CC)COC(=O)CC,6,870,870,870,0.017876,1.000000,1.000000,1.000000
4524,4522,CCCC(=O)OC(COC(=O)CC)COC(=O)CC,5,CCCC(=O)OC(COC)COC,4,870,870,870,0.017876,1.000000,1.000000,1.000000
4524,4521,CCCC(=O)OC(COC(=O)CC)COC(=O)CC,5,CC=CCCC(=O)OC(COC)COC,5,870,870,870,0.017876,1.000000,1.000000,1.000000
14895,14899,C=CC(O)C(COC1OC(CO)C(O)C(O)C1O)NC(C)=O,5,CC=CC(O)C(COC1OC(CO)C(OC)C(O)C1O)NC(=O)CC,6,265,265,265,0.006321,1.000000,1.000000,1.000000
14873,14899,CCC=CC(O)C(COC1OC(CO)C(O)C(O)C1O)NC(=O)CCC,6,CC=CC(O)C(COC1OC(CO)C(OC)C(O)C1O)NC(=O)CC,6,265,265,265,0.006321,1.000000,1.000000,1.000000
14873,14895,CCC=CC(O)C(COC1OC(CO)C(O)C(O)C1O)NC(=O)CCC,6,C=CC(O)C(COC1OC(CO)C(O)C(O)C1O)NC(C)=O,5,265,265,265,0.006321,1.000000,1.000000,1.000000
14899,14895,CC=CC(O)C(COC1OC(CO)C(OC)C(O)C1O)NC(=O)CC,6,C=CC(O)C(COC1OC(CO)C(O)C(O)C1O)NC(C)=O,5,265,265,265,0.006321,1.000000,1.000000,1.000000
14883,14899,C=CC(O)C(COC1OC(CO)C(OC(C)O)C(O)C1O)NC(C)=O,6,CC=CC(O)C(COC1OC(CO)C(OC)C(O)C1O)NC(=O)CC,6,265,265,265,0.006321,1.000000,1.000000,1.000000
14883,14895,C=CC(O)C(COC1OC(CO)C(OC(C)O)C(O)C1O)NC(C)=O,6,C=CC(O)C(COC1OC(CO)C(O)C(O)C1O)NC(C)=O,5,265,265,265,0.006321,1.000000,1.000000,1.000000
14883,14873,C=CC(O)C(COC1OC(CO)C(OC(C)O)C(O)C1O)NC(C)=O,6,CCC=CC(O)C(COC1OC(CO)C(O)C(O)C1O)NC(=O)CCC,6,265,265,265,0.006321,1.000000,1.000000,1.000000
14895,14883,C=CC(O)C(COC1OC(CO)C(O)C(O)C1O)NC(C)=O,5,C=CC(O)C(COC1OC(CO)C(OC(C)O)C(O)C1O)NC(C)=O,6,265,265,265,0.006321,1.000000,1.000000,1.000000
14895,14873,C=CC(O)C(COC1OC(CO)C(O)C(O)C1O)NC(C)=O,5,CCC=CC(O)C(COC1OC(CO)C(O)C(O)C1O)NC(=O)CCC,6,265,265,265,0.006321,1.000000,1.000000,1.000000
14909,14907,cc(c)C1CCOc2ccc(C)c(OC)c21,3,cc(c)C1CC(=O)Oc2ccc(C)c(OC)c21,4,265,265,265,0.006321,1.000000,1.000000,1.000000
14899,14883,CC=CC(O)C(COC1OC(CO)C(OC)C(O)C1O)NC(=O)CC,6,C=CC(O)C(COC1OC(CO)C(OC(C)O)C(O)C1O)NC(C)=O,6,265,265,265,0.006321,1.000000,1.000000,1.000000
14899,14873,CC=CC(O)C(COC1OC(CO)C(OC)C(O)C1O)NC(=O)CC,6,CCC=CC(O)C(COC1OC(CO)C(O)C(O)C1O)NC(=O)CCC,6,265,265,265,0.006321,1.000000,1.000000,1.000000
4527,4523,C=CCC=CCCC(=O)OC(COC)COC,6,CCC=CCCC(=O)OC(COC(C)=O)COC(C)=O,6,870,870,870,0.017876,1.000000,1.000000,1.000000
4527,4522,C=CCC=CCCC(=O)OC(COC)COC,6,CCCC(=O)OC(COC)COC,4,870,870,870,0.017876,1.000000,1.000000,1.000000
4527,4521,C=CCC=CCCC(=O)OC(COC)COC,6,CC=CCCC(=O)OC(COC)COC,5,870,870,870,0.017876,1.000000,1.000000,1.000000
4525,4530,CCCCCCC(=O)OC(COC(C)=O)COC(C)=O,6,C=CCCCCCC(=O)OC(COC)COC,6,870,870,870,0.017876,1.000000,1.000000,1.000000
4526,4521,CC=CCCC(=O)OC(COC(=O)CC)COC(=O)CC,6,CC=CCCC(=O)OC(COC)COC,5,870,870,870,0.017876,1.000000,1.000000,1.000000
4526,4522,CC=CCCC(=O)OC(COC(=O)CC)COC(=O)CC,6,CCCC(=O)OC(COC)COC,4,870,870,870,0.017876,1.000000,1.000000,1.000000
4530,4525,C=CCCCCCC(=O)OC(COC)COC,6,CCCCCCC(=O)OC(COC(C)=O)COC(C)=O,6,870,870,870,0.017876,1.000000,1.000000,1.000000
4528,4521,C=CCCC(=O)OC(COC(C)=O)COC(C)=O,5,CC=CCCC(=O)OC(COC)COC,5,870,870,870,0.017876,1.000000,1.000000,1.000000
4528,4522,C=CCCC(=O)OC(COC(C)=O)COC(C)=O,5,CCCC(=O)OC(COC)COC,4,870,870,870,0.017876,1.000000,1.000000,1.000000
4524,4527,CCCC(=O)OC(COC(=O)CC)COC(=O)CC,5,C=CCC=CCCC(=O)OC(COC)COC,6,870,870,870,0.017876,1.000000,1.000000,1.000000
4524,4528,CCCC(=O)OC(COC(=O)CC)COC(=O)CC,5,C=CCCC(=O)OC(COC(C)=O)COC(C)=O,5,870,870,870,0.017876,1.000000,1.000000,1.000000
3688,3686,CC1CC2(C)C=CC1O2,3,CC(C)C(C(N)=O)C(C)(C)O,2,1078,1078,1078,0.021506,1.000000,1.000000,1.000000
3688,3687,CC1CC2(C)C=CC1O2,3,CC(C)OC(C)(C)C,2,1078,1078,1078,0.021506,1.000000,1.000000,1.000000
3687,3686,CC(C)OC(C)(C)C,2,CC(C)C(C(N)=O)C(C)(C)O,2,1078,1078,1078,0.021506,1.000000,1.000000,1.000000
3687,3688,CC(C)OC(C)(C)C,2,CC1CC2(C)C=CC1O2,3,1078,1078,1078,0.021506,1.000000,1.000000,1.000000
14873,14883,CCC=CC(O)C(COC1OC(CO)C(O)C(O)C1O)NC(=O)CCC,6,C=CC(O)C(COC1OC(CO)C(OC(C)O)C(O)C1O)NC(C)=O,6,265,265,265,0.006321,1.000000,1.000000,1.000000
14866,14903,cc([nH])-c1oc(C)cc(=O)c1O,4,cc([nH])-c1oc(C)ccc1O,3,265,265,265,0.006321,1.000000,1.000000,1.000000
14907,14909,cc(c)C1CC(=O)Oc2ccc(C)c(OC)c21,4,cc(c)C1CCOc2ccc(C)c(OC)c21,3,265,265,265,0.006321,1.000000,1.000000,1.000000
14903,14866,cc([nH])-c1oc(C)ccc1O,3,cc([nH])-c1oc(C)cc(=O)c1O,4,265,265,265,0.006321,1.000000,1.000000,1.000000
3825,3823,CNC(CO)C(C)O,2,CNC1COC(C)C1O,3,1038,1038,1038,0.020817,1.000000,1.000000,1.000000
3823,3825,CNC1COC(C)C1O,3,CNC(CO)C(C)O,2,1038,1038,1038,0.020817,1.000000,1.000000,1.000000
2699,2697,CCC=CCCCCC(=O)OC,5,CC=CCC=CCCCCC(=O)OC,6,1484,1484,1484,0.028286,1.000000,1.000000,1.000000
2697,2699,CC=CCC=CCCCCC(=O)OC,6,CCC=CCCCCC(=O)OC,5,1484,1484,1484,0.028286,1.000000,1.000000,1.000000
9823,9830,cc(c)C1c2[nH]c(c)c(c)c2CCN1C,3,cc(c)C(c(c)[nH])N(C)C,2,394,394,394,0.008964,1.000000,1.000000,1.000000
9830,9846,cc(c)C(c(c)[nH])N(C)C,2,cc(c)C1c2[nH]c3ccccc3c2CCN1C,4,394,394,394,0.008964,1.000000,1.000000,1.000000
9834,9831,C=CC(O)C(COC)NC(=O)CCCCCCC,6,CC=CC(O)C(COC(C)O)NC(=O)CCCCCC,6,394,394,394,0.008964,1.000000,1.000000,1.000000
9831,9834,CC=CC(O)C(COC(C)O)NC(=O)CCCCCC,6,C=CC(O)C(COC)NC(=O)CCCCCCC,6,394,394,394,0.008964,1.000000,1.000000,1.000000
9846,9823,cc(c)C1c2[nH]c3ccccc3c2CCN1C,4,cc(c)C1c2[nH]c(c)c(c)c2CCN1C,3,394,394,394,0.008964,1.000000,1.000000,1.000000
9830,9823,cc(c)C(c(c)[nH])N(C)C,2,cc(c)C1c2[nH]c(c)c(c)c2CCN1C,3,394,394,394,0.008964,1.000000,1.000000,1.000000
6410,6411,Cc1cc(=O)oc2ccccc12,4,Cc1ccoc2ccccc12,3,603,603,603,0.013005,1.000000,1.000000,1.000000
6411,6410,Cc1ccoc2ccccc12,3,Cc1cc(=O)oc2ccccc12,4,603,603,603,0.013005,1.000000,1.000000,1.000000
9843,9822,NC(=O)c1ccccc1N,3,ccc(C(N)=O)c(c)N,2,394,394,394,0.008964,1.000000,1.000000,1.000000
9846,9830,cc(c)C1c2[nH]c3ccccc3c2CCN1C,4,cc(c)C(c(c)[nH])N(C)C,2,394,394,394,0.008964,1.000000,1.000000,1.000000
5638,5639,CC(N)C1OCC(O)C1O,3,CC(O)C1OCC(N)C1O,3,687,687,687,0.014567,1.000000,1.000000,1.000000
5639,5638,CC(O)C1OCC(N)C1O,3,CC(N)C1OCC(O)C1O,3,687,687,687,0.014567,1.000000,1.000000,1.000000
9823,9846,cc(c)C1c2[nH]c(c)c(c)c2CCN1C,3,cc(c)C1c2[nH]c3ccccc3c2CCN1C,4,394,394,394,0.008964,1.000000,1.000000,1.000000
9822,9843,ccc(C(N)=O)c(c)N,2,NC(=O)c1ccccc1N,3,394,394,394,0.008964,1.000000,1.000000,1.000000
5750,5748,COC(CO)C(C)N,2,CC1OCC(C(C)N)O1,3,674,674,674,0.014327,1.000000,1.000000,1.000000
5748,5750,CC1OCC(C(C)N)O1,3,COC(CO)C(C)N,2,674,674,674,0.014327,1.000000,1.000000,1.000000
10778,10785,cc(C)c(C(=O)OC(C)C)c(c)O,3,cc(C)c(C(=O)O)c(c)O,2,359,359,359,0.008260,1.000000,1.000000,1.000000
2695,2694,CCCCCC(=O)OC(C)C,4,CC=CCCCCC(=O)OC(C)C,5,1485,1485,1485,0.028302,1.000000,1.000000,1.000000
10807,10797,cc(C)c(C(=O)OC(C)CCCC(=O)CCC)c(c)O,6,cc(C)c(C(=O)OC(C)CCCC(C)=O)c(c)O,5,359,359,359,0.008260,1.000000,1.000000,1.000000
10807,10801,cc(C)c(C(=O)OC(C)CCCC(=O)CCC)c(c)O,6,cc(C)c(C(=O)OC(C)CCC)c(c)O,4,359,359,359,0.008260,1.000000,1.000000,1.000000
9379,9383,ccc1c2c([nH]c1c)CNCC2,3,c1ccc2c3c([nH]c2c1)CNCC3,4,412,412,412,0.009322,1.000000,1.000000,1.000000
2694,2695,CC=CCCCCC(=O)OC(C)C,5,CCCCCC(=O)OC(C)C,4,1485,1485,1485,0.028302,1.000000,1.000000,1.000000
10797,10801,cc(C)c(C(=O)OC(C)CCCC(C)=O)c(c)O,5,cc(C)c(C(=O)OC(C)CCC)c(c)O,4,359,359,359,0.008260,1.000000,1.000000,1.000000
10797,10785,cc(C)c(C(=O)OC(C)CCCC(C)=O)c(c)O,5,cc(C)c(C(=O)O)c(c)O,2,359,359,359,0.008260,1.000000,1.000000,1.000000
10797,10778,cc(C)c(C(=O)OC(C)CCCC(C)=O)c(c)O,5,cc(C)c(C(=O)OC(C)C)c(c)O,3,359,359,359,0.008260,1.000000,1.000000,1.000000
10797,10807,cc(C)c(C(=O)OC(C)CCCC(C)=O)c(c)O,5,cc(C)c(C(=O)OC(C)CCCC(=O)CCC)c(c)O,6,359,359,359,0.008260,1.000000,1.000000,1.000000
10778,10801,cc(C)c(C(=O)OC(C)C)c(c)O,3,cc(C)c(C(=O)OC(C)CCC)c(c)O,4,359,359,359,0.008260,1.000000,1.000000,1.000000
10778,10797,cc(C)c(C(=O)OC(C)C)c(c)O,3,cc(C)c(C(=O)OC(C)CCCC(C)=O)c(c)O,5,359,359,359,0.008260,1.000000,1.000000,1.000000
10807,10785,cc(C)c(C(=O)OC(C)CCCC(=O)CCC)c(c)O,6,cc(C)c(C(=O)O)c(c)O,2,359,359,359,0.008260,1.000000,1.000000,1.000000
10801,10807,cc(C)c(C(=O)OC(C)CCC)c(c)O,4,cc(C)c(C(=O)OC(C)CCCC(=O)CCC)c(c)O,6,359,359,359,0.008260,1.000000,1.000000,1.000000
10801,10778,cc(C)c(C(=O)OC(C)CCC)c(c)O,4,cc(C)c(C(=O)OC(C)C)c(c)O,3,359,359,359,0.008260,1.000000,1.000000,1.000000
10801,10785,cc(C)c(C(=O)OC(C)CCC)c(c)O,4,cc(C)c(C(=O)O)c(c)O,2,359,359,359,0.008260,1.000000,1.000000,1.000000
10801,10797,cc(C)c(C(=O)OC(C)CCC)c(c)O,4,cc(C)c(C(=O)OC(C)CCCC(C)=O)c(c)O,5,359,359,359,0.008260,1.000000,1.000000,1.000000
10807,10778,cc(C)c(C(=O)OC(C)CCCC(=O)CCC)c(c)O,6,cc(C)c(C(=O)OC(C)C)c(c)O,3,359,359,359,0.008260,1.000000,1.000000,1.000000
9376,9383,CCc1c(CN)[nH]c2ccccc12,4,c1ccc2c3c([nH]c2c1)CNCC3,4,412,412,412,0.009322,1.000000,1.000000,1.000000
4657,4653,c1ccc2c(c1)OCCO2,3,ccc1c(c)OCCO1,3,846,846,846,0.017448,1.000000,1.000000,1.000000
7751,7763,c1ccc2[nH]ccc2c1,3,ccc1cc[nH]c1cc,4,496,496,496,0.010967,1.000000,1.000000,1.000000
7763,7751,ccc1cc[nH]c1cc,4,c1ccc2[nH]ccc2c1,3,496,496,496,0.010967,1.000000,1.000000,1.000000
10785,10797,cc(C)c(C(=O)O)c(c)O,2,cc(C)c(C(=O)OC(C)CCCC(C)=O)c(c)O,5,359,359,359,0.008260,1.000000,1.000000,1.000000
4653,4657,ccc1c(c)OCCO1,3,c1ccc2c(c1)OCCO2,3,846,846,846,0.017448,1.000000,1.000000,1.000000
9383,9376,c1ccc2c3c([nH]c2c1)CNCC3,4,CCc1c(CN)[nH]c2ccccc12,4,412,412,412,0.009322,1.000000,1.000000,1.000000
9383,9379,c1ccc2c3c([nH]c2c1)CNCC3,4,ccc1c2c([nH]c1c)CNCC2,3,412,412,412,0.009322,1.000000,1.000000,1.000000
9376,9379,CCc1c(CN)[nH]c2ccccc12,4,ccc1c2c([nH]c1c)CNCC2,3,412,412,412,0.009322,1.000000,1.000000,1.000000
10785,10807,cc(C)c(C(=O)O)c(c)O,2,cc(C)c(C(=O)OC(C)CCCC(=O)CCC)c(c)O,6,359,359,359,0.008260,1.000000,1.000000,1.000000
9379,9376,ccc1c2c([nH]c1c)CNCC2,3,CCc1c(CN)[nH]c2ccccc12,4,412,412,412,0.009322,1.000000,1.000000,1.000000
10785,10778,cc(C)c(C(=O)O)c(c)O,2,cc(C)c(C(=O)OC(C)C)c(c)O,3,359,359,359,0.008260,1.000000,1.000000,1.000000
10785,10801,cc(C)c(C(=O)O)c(c)O,2,cc(C)c(C(=O)OC(C)CCC)c(c)O,4,359,359,359,0.008260,1.000000,1.000000,1.000000
10778,10807,cc(C)c(C(=O)OC(C)C)c(c)O,3,cc(C)c(C(=O)OC(C)CCCC(=O)CCC)c(c)O,6,359,359,359,0.008260,1.000000,1.000000,1.000000
16250,16260,CC=COC(CO)CO,3,CCCCCCC=COC(C)C,5,245,245,245,0.005898,1.000000,1.000000,1.000000
16235,16260,CCC=COC(C)C,3,CCCCCCC=COC(C)C,5,245,245,245,0.005898,1.000000,1.000000,1.000000
16236,16211,CSC1OC(CO)C(O)CC1O,3,CSC1OC(CO)C(O)C(O)C1O,4,245,245,245,0.005898,1.000000,1.000000,1.000000
16246,16202,CCCCC=COC(C)C,4,CC=COC,2,245,245,245,0.005898,1.000000,1.000000,1.000000
16246,16213,CCCCC=COC(C)C,4,CCCCCC=COC,4,245,245,245,0.005898,1.000000,1.000000,1.000000
16231,16247,CCCCCC=COC(CO)CO,5,CCCC=COC(CO)CO,4,245,245,245,0.005898,1.000000,1.000000,1.000000
16231,16250,CCCCCC=COC(CO)CO,5,CC=COC(CO)CO,3,245,245,245,0.005898,1.000000,1.000000,1.000000
16231,16260,CCCCCC=COC(CO)CO,5,CCCCCCC=COC(C)C,5,245,245,245,0.005898,1.000000,1.000000,1.000000
16260,16247,CCCCCCC=COC(C)C,5,CCCC=COC(CO)CO,4,245,245,245,0.005898,1.000000,1.000000,1.000000
16260,16250,CCCCCCC=COC(C)C,5,CC=COC(CO)CO,3,245,245,245,0.005898,1.000000,1.000000,1.000000
16260,16228,CCCCCCC=COC(C)C,5,CCCC=COC,3,245,245,245,0.005898,1.000000,1.000000,1.000000
16260,16213,CCCCCCC=COC(C)C,5,CCCCCC=COC,4,245,245,245,0.005898,1.000000,1.000000,1.000000
16250,16247,CC=COC(CO)CO,3,CCCC=COC(CO)CO,4,245,245,245,0.005898,1.000000,1.000000,1.000000
16234,16257,ccc1[nH]c2c(c1cc)CN(C)CC2,4,ccc1c2c([nH]c1c)CCN(C)C2,3,245,245,245,0.005898,1.000000,1.000000,1.000000
16250,16231,CC=COC(CO)CO,3,CCCCCC=COC(CO)CO,5,245,245,245,0.005898,1.000000,1.000000,1.000000
16250,16228,CC=COC(CO)CO,3,CCCC=COC,3,245,245,245,0.005898,1.000000,1.000000,1.000000
16228,16213,CCCC=COC,3,CCCCCC=COC,4,245,245,245,0.005898,1.000000,1.000000,1.000000
16228,16202,CCCC=COC,3,CC=COC,2,245,245,245,0.005898,1.000000,1.000000,1.000000
16228,16231,CCCC=COC,3,CCCCCC=COC(CO)CO,5,245,245,245,0.005898,1.000000,1.000000,1.000000
16250,16235,CC=COC(CO)CO,3,CCC=COC(C)C,3,245,245,245,0.005898,1.000000,1.000000,1.000000
16250,16246,CC=COC(CO)CO,3,CCCCC=COC(C)C,4,245,245,245,0.005898,1.000000,1.000000,1.000000
16250,16213,CC=COC(CO)CO,3,CCCCCC=COC,4,245,245,245,0.005898,1.000000,1.000000,1.000000
2724,2726,c[nH]c(c(c)C)C(c)N,2,ccc1[nH]c(C(c)N)c(C)c1c,3,1468,1468,1468,0.028025,1.000000,1.000000,1.000000
16228,16235,CCCC=COC,3,CCC=COC(C)C,3,245,245,245,0.005898,1.000000,1.000000,1.000000
16235,16231,CCC=COC(C)C,3,CCCCCC=COC(CO)CO,5,245,245,245,0.005898,1.000000,1.000000,1.000000
16235,16246,CCC=COC(C)C,3,CCCCC=COC(C)C,4,245,245,245,0.005898,1.000000,1.000000,1.000000
16235,16247,CCC=COC(C)C,3,CCCC=COC(CO)CO,4,245,245,245,0.005898,1.000000,1.000000,1.000000
16235,16250,CCC=COC(C)C,3,CC=COC(CO)CO,3,245,245,245,0.005898,1.000000,1.000000,1.000000
16235,16228,CCC=COC(C)C,3,CCCC=COC,3,245,245,245,0.005898,1.000000,1.000000,1.000000
16228,16247,CCCC=COC,3,CCCC=COC(CO)CO,4,245,245,245,0.005898,1.000000,1.000000,1.000000
16231,16202,CCCCCC=COC(CO)CO,5,CC=COC,2,245,245,245,0.005898,1.000000,1.000000,1.000000
16231,16213,CCCCCC=COC(CO)CO,5,CCCCCC=COC,4,245,245,245,0.005898,1.000000,1.000000,1.000000
14209,14210,cC1CN(C)C(=O)CO1,3,cC(O)C(CO)N(C)C,2,277,277,277,0.006573,1.000000,1.000000,1.000000
14207,14209,ccc(cc)C1OCC(=O)N(C)C1CO,4,cC1CN(C)C(=O)CO1,3,277,277,277,0.006573,1.000000,1.000000,1.000000
14207,14210,ccc(cc)C1OCC(=O)N(C)C1CO,4,cC(O)C(CO)N(C)C,2,277,277,277,0.006573,1.000000,1.000000,1.000000
14209,14233,cC1CN(C)C(=O)CO1,3,ccc(cc)C1OCCN(C)C1CO,3,277,277,277,0.006573,1.000000,1.000000,1.000000
14210,14207,cC(O)C(CO)N(C)C,2,ccc(cc)C1OCC(=O)N(C)C1CO,4,277,277,277,0.006573,1.000000,1.000000,1.000000
14210,14209,cC(O)C(CO)N(C)C,2,cC1CN(C)C(=O)CO1,3,277,277,277,0.006573,1.000000,1.000000,1.000000
14210,14233,cC(O)C(CO)N(C)C,2,ccc(cc)C1OCCN(C)C1CO,3,277,277,277,0.006573,1.000000,1.000000,1.000000
14233,14207,ccc(cc)C1OCCN(C)C1CO,3,ccc(cc)C1OCC(=O)N(C)C1CO,4,277,277,277,0.006573,1.000000,1.000000,1.000000
14233,14209,ccc(cc)C1OCCN(C)C1CO,3,cC1CN(C)C(=O)CO1,3,277,277,277,0.006573,1.000000,1.000000,1.000000
13106,13095,C=NC(C(=N)O)C(C)CC,3,C=NC(C(=N)O)C(C)C,2,299,299,299,0.007032,1.000000,1.000000,1.000000
16202,16235,CC=COC,2,CCC=COC(C)C,3,245,245,245,0.005898,1.000000,1.000000,1.000000
16235,16213,CCC=COC(C)C,3,CCCCCC=COC,4,245,245,245,0.005898,1.000000,1.000000,1.000000
14207,14233,ccc(cc)C1OCC(=O)N(C)C1CO,4,ccc(cc)C1OCCN(C)C1CO,3,277,277,277,0.006573,1.000000,1.000000,1.000000
14209,14207,cC1CN(C)C(=O)CO1,3,ccc(cc)C1OCC(=O)N(C)C1CO,4,277,277,277,0.006573,1.000000,1.000000,1.000000
2874,2873,CC(O)COP(=O)([O-])OCC[N+](C)(C)C,5,CC(O)COP(=O)([O-])OCC[N+],4,1387,1387,1387,0.026698,1.000000,1.000000,1.000000
2726,2724,ccc1[nH]c(C(c)N)c(C)c1c,3,c[nH]c(c(c)C)C(c)N,2,1468,1468,1468,0.028025,1.000000,1.000000,1.000000
16213,16231,CCCCCC=COC,4,CCCCCC=COC(CO)CO,5,245,245,245,0.005898,1.000000,1.000000,1.000000
16213,16235,CCCCCC=COC,4,CCC=COC(C)C,3,245,245,245,0.005898,1.000000,1.000000,1.000000
16213,16246,CCCCCC=COC,4,CCCCC=COC(C)C,4,245,245,245,0.005898,1.000000,1.000000,1.000000
16235,16202,CCC=COC(C)C,3,CC=COC,2,245,245,245,0.005898,1.000000,1.000000,1.000000
16213,16228,CCCCCC=COC,4,CCCC=COC,3,245,245,245,0.005898,1.000000,1.000000,1.000000
13095,13106,C=NC(C(=N)O)C(C)C,2,C=NC(C(=N)O)C(C)CC,3,299,299,299,0.007032,1.000000,1.000000,1.000000
14233,14210,ccc(cc)C1OCCN(C)C1CO,3,cC(O)C(CO)N(C)C,2,277,277,277,0.006573,1.000000,1.000000,1.000000
16213,16260,CCCCCC=COC,4,CCCCCCC=COC(C)C,5,245,245,245,0.005898,1.000000,1.000000,1.000000
16213,16250,CCCCCC=COC,4,CC=COC(CO)CO,3,245,245,245,0.005898,1.000000,1.000000,1.000000
16213,16247,CCCCCC=COC,4,CCCC=COC(CO)CO,4,245,245,245,0.005898,1.000000,1.000000,1.000000
16202,16228,CC=COC,2,CCCC=COC,3,245,245,245,0.005898,1.000000,1.000000,1.000000
16202,16213,CC=COC,2,CCCCCC=COC,4,245,245,245,0.005898,1.000000,1.000000,1.000000
16213,16202,CCCCCC=COC,4,CC=COC,2,245,245,245,0.005898,1.000000,1.000000,1.000000
2019,2018,cc(c)-c1c(CCC)cc(OC)c(OC)c1OC,5,cc(c)-c1c(CCC)cc(OC)c(OC)c1O,4,2001,2001,2001,0.036474,1.000000,1.000000,1.000000
2018,2019,cc(c)-c1c(CCC)cc(OC)c(OC)c1O,4,cc(c)-c1c(CCC)cc(OC)c(OC)c1OC,5,2001,2001,2001,0.036474,1.000000,1.000000,1.000000
16223,16209,cc(c)C1CNC(C)(C)c2[nH]c3ccccc3c21,4,ccc1c2c([nH]c1c)C(C)(C)NCC2c(c)c,3,245,245,245,0.005898,1.000000,1.000000,1.000000
16202,16246,CC=COC,2,CCCCC=COC(C)C,4,245,245,245,0.005898,1.000000,1.000000,1.000000
16202,16247,CC=COC,2,CCCC=COC(CO)CO,4,245,245,245,0.005898,1.000000,1.000000,1.000000
16202,16260,CC=COC,2,CCCCCCC=COC(C)C,5,245,245,245,0.005898,1.000000,1.000000,1.000000
16228,16250,CCCC=COC,3,CC=COC(CO)CO,3,245,245,245,0.005898,1.000000,1.000000,1.000000
16228,16260,CCCC=COC,3,CCCCCCC=COC(C)C,5,245,245,245,0.005898,1.000000,1.000000,1.000000
16209,16223,ccc1c2c([nH]c1c)C(C)(C)NCC2c(c)c,3,cc(c)C1CNC(C)(C)c2[nH]c3ccccc3c21,4,245,245,245,0.005898,1.000000,1.000000,1.000000
16211,16236,CSC1OC(CO)C(O)C(O)C1O,4,CSC1OC(CO)C(O)CC1O,3,245,245,245,0.005898,1.000000,1.000000,1.000000
16202,16250,CC=COC,2,CC=COC(CO)CO,3,245,245,245,0.005898,1.000000,1.000000,1.000000
16202,16231,CC=COC,2,CCCCCC=COC(CO)CO,5,245,245,245,0.005898,1.000000,1.000000,1.000000
16246,16235,CCCCC=COC(C)C,4,CCC=COC(C)C,3,245,245,245,0.005898,1.000000,1.000000,1.000000
16246,16247,CCCCC=COC(C)C,4,CCCC=COC(CO)CO,4,245,245,245,0.005898,1.000000,1.000000,1.000000
16246,16250,CCCCC=COC(C)C,4,CC=COC(CO)CO,3,245,245,245,0.005898,1.000000,1.000000,1.000000
16246,16260,CCCCC=COC(C)C,4,CCCCCCC=COC(C)C,5,245,245,245,0.005898,1.000000,1.000000,1.000000
16247,16202,CCCC=COC(CO)CO,4,CC=COC,2,245,245,245,0.005898,1.000000,1.000000,1.000000
2873,2874,CC(O)COP(=O)([O-])OCC[N+],4,CC(O)COP(=O)([O-])OCC[N+](C)(C)C,5,1387,1387,1387,0.026698,1.000000,1.000000,1.000000
16231,16246,CCCCCC=COC(CO)CO,5,CCCCC=COC(C)C,4,245,245,245,0.005898,1.000000,1.000000,1.000000
16228,16246,CCCC=COC,3,CCCCC=COC(C)C,4,245,245,245,0.005898,1.000000,1.000000,1.000000
16260,16231,CCCCCCC=COC(C)C,5,CCCCCC=COC(CO)CO,5,245,245,245,0.005898,1.000000,1.000000,1.000000
16260,16235,CCCCCCC=COC(C)C,5,CCC=COC(C)C,3,245,245,245,0.005898,1.000000,1.000000,1.000000
16260,16246,CCCCCCC=COC(C)C,5,CCCCC=COC(C)C,4,245,245,245,0.005898,1.000000,1.000000,1.000000
16247,16213,CCCC=COC(CO)CO,4,CCCCCC=COC,4,245,245,245,0.005898,1.000000,1.000000,1.000000
16247,16228,CCCC=COC(CO)CO,4,CCCC=COC,3,245,245,245,0.005898,1.000000,1.000000,1.000000
16231,16228,CCCCCC=COC(CO)CO,5,CCCC=COC,3,245,245,245,0.005898,1.000000,1.000000,1.000000
16250,16202,CC=COC(CO)CO,3,CC=COC,2,245,245,245,0.005898,1.000000,1.000000,1.000000
16247,16260,CCCC=COC(CO)CO,4,CCCCCCC=COC(C)C,5,245,245,245,0.005898,1.000000,1.000000,1.000000
16247,16250,CCCC=COC(CO)CO,4,CC=COC(CO)CO,3,245,245,245,0.005898,1.000000,1.000000,1.000000
16247,16246,CCCC=COC(CO)CO,4,CCCCC=COC(C)C,4,245,245,245,0.005898,1.000000,1.000000,1.000000
16247,16235,CCCC=COC(CO)CO,4,CCC=COC(C)C,3,245,245,245,0.005898,1.000000,1.000000,1.000000
16247,16231,CCCC=COC(CO)CO,4,CCCCCC=COC(CO)CO,5,245,245,245,0.005898,1.000000,1.000000,1.000000
16246,16231,CCCCC=COC(C)C,4,CCCCCC=COC(CO)CO,5,245,245,245,0.005898,1.000000,1.000000,1.000000
16246,16228,CCCCC=COC(C)C,4,CCCC=COC,3,245,245,245,0.005898,1.000000,1.000000,1.000000
16257,16234,ccc1c2c([nH]c1c)CCN(C)C2,3,ccc1[nH]c2c(c1cc)CN(C)CC2,4,245,245,245,0.005898,1.000000,1.000000,1.000000
16231,16235,CCCCCC=COC(CO)CO,5,CCC=COC(C)C,3,245,245,245,0.005898,1.000000,1.000000,1.000000
16260,16202,CCCCCCC=COC(C)C,5,CC=COC,2,245,245,245,0.005898,1.000000,1.000000,1.000000
2003,2006,CCC=CCCC(=O)OCC(C)O,5,C=CCCC(=O)OCC(C)O,4,2019,2019,2019,0.036752,1.000000,1.000000,1.000000
11548,11516,CCCc1cccc2c1C(=O)OC21C(C)CC1(C)C,4,CCc1cccc2c1C(=O)OC21C(C)CC1(C)C,4,338,338,338,0.007834,1.000000,1.000000,1.000000
2006,2003,C=CCCC(=O)OCC(C)O,4,CCC=CCCC(=O)OCC(C)O,5,2019,2019,2019,0.036752,1.000000,1.000000,1.000000
11516,11520,CCc1cccc2c1C(=O)OC21C(C)CC1(C)C,4,cc(c)C1(OC)C(C)CC1(C)C,2,338,338,338,0.007834,1.000000,1.000000,1.000000
11516,11532,CCc1cccc2c1C(=O)OC21C(C)CC1(C)C,4,Cc1cccc2c1C(=O)OC21C(C)CC1(C)C,3,338,338,338,0.007834,1.000000,1.000000,1.000000
2005,2003,CC=CCC=CCCC(=O)OCC(C)O,6,CCC=CCCC(=O)OCC(C)O,5,2019,2019,2019,0.036752,1.000000,1.000000,1.000000
11548,11520,CCCc1cccc2c1C(=O)OC21C(C)CC1(C)C,4,cc(c)C1(OC)C(C)CC1(C)C,2,338,338,338,0.007834,1.000000,1.000000,1.000000
11533,11532,CC1CC(C)(C)C12OC(=O)c1c(CCCN)cccc12,5,Cc1cccc2c1C(=O)OC21C(C)CC1(C)C,3,338,338,338,0.007834,1.000000,1.000000,1.000000
11532,11520,Cc1cccc2c1C(=O)OC21C(C)CC1(C)C,3,cc(c)C1(OC)C(C)CC1(C)C,2,338,338,338,0.007834,1.000000,1.000000,1.000000
11543,11534,COC1CC(C)(OC)C(O)CO1,3,COC1CC(C)(OC)C(O)C(C)O1,4,338,338,338,0.007834,1.000000,1.000000,1.000000
11532,11533,Cc1cccc2c1C(=O)OC21C(C)CC1(C)C,3,CC1CC(C)(C)C12OC(=O)c1c(CCCN)cccc12,5,338,338,338,0.007834,1.000000,1.000000,1.000000
8177,8174,ccc1c(c(c)O)OCO1,4,cc(O)c1c(c)OCO1,3,472,472,472,0.010501,1.000000,1.000000,1.000000
8173,8180,C=C(C)C(CC)(CC)OC,2,CC1=C(C)C(C)(C)OC1=O,3,472,472,472,0.010501,1.000000,1.000000,1.000000
8179,8173,CCC1(CC)OC(=O)C(C)=C1C,3,C=C(C)C(CC)(CC)OC,2,472,472,472,0.010501,1.000000,1.000000,1.000000
11520,11533,cc(c)C1(OC)C(C)CC1(C)C,2,CC1CC(C)(C)C12OC(=O)c1c(CCCN)cccc12,5,338,338,338,0.007834,1.000000,1.000000,1.000000
11520,11532,cc(c)C1(OC)C(C)CC1(C)C,2,Cc1cccc2c1C(=O)OC21C(C)CC1(C)C,3,338,338,338,0.007834,1.000000,1.000000,1.000000
11520,11516,cc(c)C1(OC)C(C)CC1(C)C,2,CCc1cccc2c1C(=O)OC21C(C)CC1(C)C,4,338,338,338,0.007834,1.000000,1.000000,1.000000
11520,11548,cc(c)C1(OC)C(C)CC1(C)C,2,CCCc1cccc2c1C(=O)OC21C(C)CC1(C)C,4,338,338,338,0.007834,1.000000,1.000000,1.000000
8174,8177,cc(O)c1c(c)OCO1,3,ccc1c(c(c)O)OCO1,4,472,472,472,0.010501,1.000000,1.000000,1.000000
8173,8179,C=C(C)C(CC)(CC)OC,2,CCC1(CC)OC(=O)C(C)=C1C,3,472,472,472,0.010501,1.000000,1.000000,1.000000
8175,8178,cc(C)c(Cc1ccccc1)c(=O)o,4,ccc(cc)Cc(c(c)C)c(=O)o,3,472,472,472,0.010501,1.000000,1.000000,1.000000
11533,11516,CC1CC(C)(C)C12OC(=O)c1c(CCCN)cccc12,5,CCc1cccc2c1C(=O)OC21C(C)CC1(C)C,4,338,338,338,0.007834,1.000000,1.000000,1.000000
11520,11538,cc(c)C1(OC)C(C)CC1(C)C,2,cc1c(c)C2(OC1=O)C(C)CC2(C)C,3,338,338,338,0.007834,1.000000,1.000000,1.000000
11532,11516,Cc1cccc2c1C(=O)OC21C(C)CC1(C)C,3,CCc1cccc2c1C(=O)OC21C(C)CC1(C)C,4,338,338,338,0.007834,1.000000,1.000000,1.000000
11533,11538,CC1CC(C)(C)C12OC(=O)c1c(CCCN)cccc12,5,cc1c(c)C2(OC1=O)C(C)CC2(C)C,3,338,338,338,0.007834,1.000000,1.000000,1.000000
11538,11548,cc1c(c)C2(OC1=O)C(C)CC2(C)C,3,CCCc1cccc2c1C(=O)OC21C(C)CC1(C)C,4,338,338,338,0.007834,1.000000,1.000000,1.000000
11538,11516,cc1c(c)C2(OC1=O)C(C)CC2(C)C,3,CCc1cccc2c1C(=O)OC21C(C)CC1(C)C,4,338,338,338,0.007834,1.000000,1.000000,1.000000
11538,11520,cc1c(c)C2(OC1=O)C(C)CC2(C)C,3,cc(c)C1(OC)C(C)CC1(C)C,2,338,338,338,0.007834,1.000000,1.000000,1.000000
11538,11532,cc1c(c)C2(OC1=O)C(C)CC2(C)C,3,Cc1cccc2c1C(=O)OC21C(C)CC1(C)C,3,338,338,338,0.007834,1.000000,1.000000,1.000000
11538,11533,cc1c(c)C2(OC1=O)C(C)CC2(C)C,3,CC1CC(C)(C)C12OC(=O)c1c(CCCN)cccc12,5,338,338,338,0.007834,1.000000,1.000000,1.000000
11516,11533,CCc1cccc2c1C(=O)OC21C(C)CC1(C)C,4,CC1CC(C)(C)C12OC(=O)c1c(CCCN)cccc12,5,338,338,338,0.007834,1.000000,1.000000,1.000000
11548,11532,CCCc1cccc2c1C(=O)OC21C(C)CC1(C)C,4,Cc1cccc2c1C(=O)OC21C(C)CC1(C)C,3,338,338,338,0.007834,1.000000,1.000000,1.000000
11548,11533,CCCc1cccc2c1C(=O)OC21C(C)CC1(C)C,4,CC1CC(C)(C)C12OC(=O)c1c(CCCN)cccc12,5,338,338,338,0.007834,1.000000,1.000000,1.000000
11548,11538,CCCc1cccc2c1C(=O)OC21C(C)CC1(C)C,4,cc1c(c)C2(OC1=O)C(C)CC2(C)C,3,338,338,338,0.007834,1.000000,1.000000,1.000000
8180,8173,CC1=C(C)C(C)(C)OC1=O,3,C=C(C)C(CC)(CC)OC,2,472,472,472,0.010501,1.000000,1.000000,1.000000
8178,8175,ccc(cc)Cc(c(c)C)c(=O)o,3,cc(C)c(Cc1ccccc1)c(=O)o,4,472,472,472,0.010501,1.000000,1.000000,1.000000
8180,8179,CC1=C(C)C(C)(C)OC1=O,3,CCC1(CC)OC(=O)C(C)=C1C,3,472,472,472,0.010501,1.000000,1.000000,1.000000
8179,8180,CCC1(CC)OC(=O)C(C)=C1C,3,CC1=C(C)C(C)(C)OC1=O,3,472,472,472,0.010501,1.000000,1.000000,1.000000
2006,2005,C=CCCC(=O)OCC(C)O,4,CC=CCC=CCCC(=O)OCC(C)O,6,2019,2019,2019,0.036752,1.000000,1.000000,1.000000
11533,11520,CC1CC(C)(C)C12OC(=O)c1c(CCCN)cccc12,5,cc(c)C1(OC)C(C)CC1(C)C,2,338,338,338,0.007834,1.000000,1.000000,1.000000
11516,11538,CCc1cccc2c1C(=O)OC21C(C)CC1(C)C,4,cc1c(c)C2(OC1=O)C(C)CC2(C)C,3,338,338,338,0.007834,1.000000,1.000000,1.000000
11516,11548,CCc1cccc2c1C(=O)OC21C(C)CC1(C)C,4,CCCc1cccc2c1C(=O)OC21C(C)CC1(C)C,4,338,338,338,0.007834,1.000000,1.000000,1.000000
11534,11543,COC1CC(C)(OC)C(O)C(C)O1,4,COC1CC(C)(OC)C(O)CO1,3,338,338,338,0.007834,1.000000,1.000000,1.000000
11532,11548,Cc1cccc2c1C(=O)OC21C(C)CC1(C)C,3,CCCc1cccc2c1C(=O)OC21C(C)CC1(C)C,4,338,338,338,0.007834,1.000000,1.000000,1.000000
2003,2005,CCC=CCCC(=O)OCC(C)O,5,CC=CCC=CCCC(=O)OCC(C)O,6,2019,2019,2019,0.036752,1.000000,1.000000,1.000000
2005,2006,CC=CCC=CCCC(=O)OCC(C)O,6,C=CCCC(=O)OCC(C)O,4,2019,2019,2019,0.036752,1.000000,1.000000,1.000000
11532,11538,Cc1cccc2c1C(=O)OC21C(C)CC1(C)C,3,cc1c(c)C2(OC1=O)C(C)CC2(C)C,3,338,338,338,0.007834,1.000000,1.000000,1.000000
11533,11548,CC1CC(C)(C)C12OC(=O)c1c(CCCN)cccc12,5,CCCc1cccc2c1C(=O)OC21C(C)CC1(C)C,4,338,338,338,0.007834,1.000000,1.000000,1.000000
5585,5583,ccc(cc)CC(OC)C(C)C,3,cCC(OC)C(C)C,2,693,693,693,0.014677,1.000000,1.000000,1.000000
5585,5581,ccc(cc)CC(OC)C(C)C,3,COC(Cc1ccccc1)C(C)C,4,693,693,693,0.014677,1.000000,1.000000,1.000000
5583,5585,cCC(OC)C(C)C,2,ccc(cc)CC(OC)C(C)C,3,693,693,693,0.014677,1.000000,1.000000,1.000000
5583,5581,cCC(OC)C(C)C,2,COC(Cc1ccccc1)C(C)C,4,693,693,693,0.014677,1.000000,1.000000,1.000000
5581,5585,COC(Cc1ccccc1)C(C)C,4,ccc(cc)CC(OC)C(C)C,3,693,693,693,0.014677,1.000000,1.000000,1.000000
5581,5583,COC(Cc1ccccc1)C(C)C,4,cCC(OC)C(C)C,2,693,693,693,0.014677,1.000000,1.000000,1.000000
3804,3809,cNC(=O)C1C2C=CC3(O2)C(C)NC(=O)C13,4,CC(N)C12C=CC(O1)C(C(N)=O)C2C,4,1043,1043,1043,0.020904,1.000000,1.000000,1.000000
3809,3804,CC(N)C12C=CC(O1)C(C(N)=O)C2C,4,cNC(=O)C1C2C=CC3(O2)C(C)NC(=O)C13,4,1043,1043,1043,0.020904,1.000000,1.000000,1.000000
5288,5290,CC1C=CC(CN)C(C(C)C)C1,3,CC1=CC(CN)C(C)CC1C,3,737,737,737,0.015483,1.000000,1.000000,1.000000
5286,5288,C=CC(CN)C(C)C,2,CC1C=CC(CN)C(C(C)C)C1,3,737,737,737,0.015483,1.000000,1.000000,1.000000
5286,5290,C=CC(CN)C(C)C,2,CC1=CC(CN)C(C)CC1C,3,737,737,737,0.015483,1.000000,1.000000,1.000000
5288,5286,CC1C=CC(CN)C(C(C)C)C1,3,C=CC(CN)C(C)C,2,737,737,737,0.015483,1.000000,1.000000,1.000000
5290,5288,CC1=CC(CN)C(C)CC1C,3,CC1C=CC(CN)C(C(C)C)C1,3,737,737,737,0.015483,1.000000,1.000000,1.000000
5290,5286,CC1=CC(CN)C(C)CC1C,3,C=CC(CN)C(C)C,2,737,737,737,0.015483,1.000000,1.000000,1.000000
13409,13431,cc(O)c1c(c(c)Cl)OC2(C1=O)C(O)=C(C(C)c)C(=O)CC2C,4,CC1CC(=O)C(C(C)c)=C(O)C1,3,292,292,292,0.006886,1.000000,1.000000,1.000000
13409,13430,cc(O)c1c(c(c)Cl)OC2(C1=O)C(O)=C(C(C)c)C(=O)CC2C,4,COc1cc(OC)c2c(c1Cl)OC1(C2=O)C(O)=C(C(C)c)C(=O)CC1C,5,292,292,292,0.006886,1.000000,1.000000,1.000000
13409,13416,cc(O)c1c(c(c)Cl)OC2(C1=O)C(O)=C(C(C)c)C(=O)CC2C,4,COc1cc(O)c(Cl)c2c1C(=O)C1(O2)C(O)=C(C(C)c)C(=O)CC1C,5,292,292,292,0.006886,1.000000,1.000000,1.000000
13409,13412,cc(O)c1c(c(c)Cl)OC2(C1=O)C(O)=C(C(C)c)C(=O)CC2C,4,cOC1(C(c)=O)C(O)=C(C(C)c)C(=O)CC1C,3,292,292,292,0.006886,1.000000,1.000000,1.000000
13412,13409,cOC1(C(c)=O)C(O)=C(C(C)c)C(=O)CC1C,3,cc(O)c1c(c(c)Cl)OC2(C1=O)C(O)=C(C(C)c)C(=O)CC2C,4,292,292,292,0.006886,1.000000,1.000000,1.000000
13409,13445,cc(O)c1c(c(c)Cl)OC2(C1=O)C(O)=C(C(C)c)C(=O)CC2C,4,CC(=O)C(=C(C)O)C(C)c,2,292,292,292,0.006886,1.000000,1.000000,1.000000
13412,13445,cOC1(C(c)=O)C(O)=C(C(C)c)C(=O)CC1C,3,CC(=O)C(=C(C)O)C(C)c,2,292,292,292,0.006886,1.000000,1.000000,1.000000
13412,13431,cOC1(C(c)=O)C(O)=C(C(C)c)C(=O)CC1C,3,CC1CC(=O)C(C(C)c)=C(O)C1,3,292,292,292,0.006886,1.000000,1.000000,1.000000
13412,13430,cOC1(C(c)=O)C(O)=C(C(C)c)C(=O)CC1C,3,COc1cc(OC)c2c(c1Cl)OC1(C2=O)C(O)=C(C(C)c)C(=O)CC1C,5,292,292,292,0.006886,1.000000,1.000000,1.000000
13412,13416,cOC1(C(c)=O)C(O)=C(C(C)c)C(=O)CC1C,3,COc1cc(O)c(Cl)c2c1C(=O)C1(O2)C(O)=C(C(C)c)C(=O)CC1C,5,292,292,292,0.006886,1.000000,1.000000,1.000000
13414,13413,CC(N)C(C)C(=N)O,2,C=CC(N=C)C(C)C,2,292,292,292,0.006886,1.000000,1.000000,1.000000
13413,13451,C=CC(N=C)C(C)C,2,CC(C)N=C(O)C(C)C(C)N,3,292,292,292,0.006886,1.000000,1.000000,1.000000
13378,13394,C#CC(CC)C(C)C,2,CCC(C#CC(c)c)C(C)C,3,293,293,293,0.006907,1.000000,1.000000,1.000000
13394,13378,CCC(C#CC(c)c)C(C)C,3,C#CC(CC)C(C)C,2,293,293,293,0.006907,1.000000,1.000000,1.000000
13445,13430,CC(=O)C(=C(C)O)C(C)c,2,COc1cc(OC)c2c(c1Cl)OC1(C2=O)C(O)=C(C(C)c)C(=O)CC1C,5,292,292,292,0.006886,1.000000,1.000000,1.000000
13446,13414,C=CC(N=C)C(C)C(O)=NC,3,CC(N)C(C)C(=N)O,2,292,292,292,0.006886,1.000000,1.000000,1.000000
13416,13412,COc1cc(O)c(Cl)c2c1C(=O)C1(O2)C(O)=C(C(C)c)C(=O)CC1C,5,cOC1(C(c)=O)C(O)=C(C(C)c)C(=O)CC1C,3,292,292,292,0.006886,1.000000,1.000000,1.000000
13416,13409,COc1cc(O)c(Cl)c2c1C(=O)C1(O2)C(O)=C(C(C)c)C(=O)CC1C,5,cc(O)c1c(c(c)Cl)OC2(C1=O)C(O)=C(C(C)c)C(=O)CC2C,4,292,292,292,0.006886,1.000000,1.000000,1.000000
13430,13416,COc1cc(OC)c2c(c1Cl)OC1(C2=O)C(O)=C(C(C)c)C(=O)CC1C,5,COc1cc(O)c(Cl)c2c1C(=O)C1(O2)C(O)=C(C(C)c)C(=O)CC1C,5,292,292,292,0.006886,1.000000,1.000000,1.000000
13430,13431,COc1cc(OC)c2c(c1Cl)OC1(C2=O)C(O)=C(C(C)c)C(=O)CC1C,5,CC1CC(=O)C(C(C)c)=C(O)C1,3,292,292,292,0.006886,1.000000,1.000000,1.000000
13430,13412,COc1cc(OC)c2c(c1Cl)OC1(C2=O)C(O)=C(C(C)c)C(=O)CC1C,5,cOC1(C(c)=O)C(O)=C(C(C)c)C(=O)CC1C,3,292,292,292,0.006886,1.000000,1.000000,1.000000
13431,13430,CC1CC(=O)C(C(C)c)=C(O)C1,3,COc1cc(OC)c2c(c1Cl)OC1(C2=O)C(O)=C(C(C)c)C(=O)CC1C,5,292,292,292,0.006886,1.000000,1.000000,1.000000
13431,13445,CC1CC(=O)C(C(C)c)=C(O)C1,3,CC(=O)C(=C(C)O)C(C)c,2,292,292,292,0.006886,1.000000,1.000000,1.000000
13446,13451,C=CC(N=C)C(C)C(O)=NC,3,CC(C)N=C(O)C(C)C(C)N,3,292,292,292,0.006886,1.000000,1.000000,1.000000
13430,13445,COc1cc(OC)c2c(c1Cl)OC1(C2=O)C(O)=C(C(C)c)C(=O)CC1C,5,CC(=O)C(=C(C)O)C(C)c,2,292,292,292,0.006886,1.000000,1.000000,1.000000
13414,13451,CC(N)C(C)C(=N)O,2,CC(C)N=C(O)C(C)C(C)N,3,292,292,292,0.006886,1.000000,1.000000,1.000000
13414,13446,CC(N)C(C)C(=N)O,2,C=CC(N=C)C(C)C(O)=NC,3,292,292,292,0.006886,1.000000,1.000000,1.000000
13446,13413,C=CC(N=C)C(C)C(O)=NC,3,C=CC(N=C)C(C)C,2,292,292,292,0.006886,1.000000,1.000000,1.000000
13416,13430,COc1cc(O)c(Cl)c2c1C(=O)C1(O2)C(O)=C(C(C)c)C(=O)CC1C,5,COc1cc(OC)c2c(c1Cl)OC1(C2=O)C(O)=C(C(C)c)C(=O)CC1C,5,292,292,292,0.006886,1.000000,1.000000,1.000000
13431,13416,CC1CC(=O)C(C(C)c)=C(O)C1,3,COc1cc(O)c(Cl)c2c1C(=O)C1(O2)C(O)=C(C(C)c)C(=O)CC1C,5,292,292,292,0.006886,1.000000,1.000000,1.000000
13431,13409,CC1CC(=O)C(C(C)c)=C(O)C1,3,cc(O)c1c(c(c)Cl)OC2(C1=O)C(O)=C(C(C)c)C(=O)CC2C,4,292,292,292,0.006886,1.000000,1.000000,1.000000
13431,13412,CC1CC(=O)C(C(C)c)=C(O)C1,3,cOC1(C(c)=O)C(O)=C(C(C)c)C(=O)CC1C,3,292,292,292,0.006886,1.000000,1.000000,1.000000
13416,13431,COc1cc(O)c(Cl)c2c1C(=O)C1(O2)C(O)=C(C(C)c)C(=O)CC1C,5,CC1CC(=O)C(C(C)c)=C(O)C1,3,292,292,292,0.006886,1.000000,1.000000,1.000000
13451,13413,CC(C)N=C(O)C(C)C(C)N,3,C=CC(N=C)C(C)C,2,292,292,292,0.006886,1.000000,1.000000,1.000000
13445,13409,CC(=O)C(=C(C)O)C(C)c,2,cc(O)c1c(c(c)Cl)OC2(C1=O)C(O)=C(C(C)c)C(=O)CC2C,4,292,292,292,0.006886,1.000000,1.000000,1.000000
13451,13414,CC(C)N=C(O)C(C)C(C)N,3,CC(N)C(C)C(=N)O,2,292,292,292,0.006886,1.000000,1.000000,1.000000
13430,13409,COc1cc(OC)c2c(c1Cl)OC1(C2=O)C(O)=C(C(C)c)C(=O)CC1C,5,cc(O)c1c(c(c)Cl)OC2(C1=O)C(O)=C(C(C)c)C(=O)CC2C,4,292,292,292,0.006886,1.000000,1.000000,1.000000
13413,13446,C=CC(N=C)C(C)C,2,C=CC(N=C)C(C)C(O)=NC,3,292,292,292,0.006886,1.000000,1.000000,1.000000
13413,13414,C=CC(N=C)C(C)C,2,CC(N)C(C)C(=N)O,2,292,292,292,0.006886,1.000000,1.000000,1.000000
13416,13445,COc1cc(O)c(Cl)c2c1C(=O)C1(O2)C(O)=C(C(C)c)C(=O)CC1C,5,CC(=O)C(=C(C)O)C(C)c,2,292,292,292,0.006886,1.000000,1.000000,1.000000
13445,13431,CC(=O)C(=C(C)O)C(C)c,2,CC1CC(=O)C(C(C)c)=C(O)C1,3,292,292,292,0.006886,1.000000,1.000000,1.000000
13445,13416,CC(=O)C(=C(C)O)C(C)c,2,COc1cc(O)c(Cl)c2c1C(=O)C1(O2)C(O)=C(C(C)c)C(=O)CC1C,5,292,292,292,0.006886,1.000000,1.000000,1.000000
13451,13446,CC(C)N=C(O)C(C)C(C)N,3,C=CC(N=C)C(C)C(O)=NC,3,292,292,292,0.006886,1.000000,1.000000,1.000000
13445,13412,CC(=O)C(=C(C)O)C(C)c,2,cOC1(C(c)=O)C(O)=C(C(C)c)C(=O)CC1C,3,292,292,292,0.006886,1.000000,1.000000,1.000000
4953,4952,COC(C(C)O)n1cnc2c(N)ncnc21,4,cnc1c(c(n)N)ncn1C(OC)C(C)O,4,796,796,796,0.016552,1.000000,1.000000,1.000000
4952,4953,cnc1c(c(n)N)ncn1C(OC)C(C)O,4,COC(C(C)O)n1cnc2c(N)ncnc21,4,796,796,796,0.016552,1.000000,1.000000,1.000000
8659,8647,CC1COC2CC3C4CC=C5CCCCC5(C)C4CCC3(C)C12,5,CC(C)C1C(O)CC2C3CC=C4CCCCC4(C)C3CCC21C,5,446,446,446,0.009993,1.000000,1.000000,1.000000
8647,8659,CC(C)C1C(O)CC2C3CC=C4CCCCC4(C)C3CCC21C,5,CC1COC2CC3C4CC=C5CCCCC5(C)C4CCC3(C)C12,5,446,446,446,0.009993,1.000000,1.000000,1.000000
8657,8645,CCc1cnc[nH]1,3,c[nH]c(cn)CC,2,446,446,446,0.009993,1.000000,1.000000,1.000000
8645,8657,c[nH]c(cn)CC,2,CCc1cnc[nH]1,3,446,446,446,0.009993,1.000000,1.000000,1.000000
5692,5694,CC(O)c1ccoc1,3,ccc(co)C(C)O,2,680,680,680,0.014438,1.000000,1.000000,1.000000
5694,5692,ccc(co)C(C)O,2,CC(O)c1ccoc1,3,680,680,680,0.014438,1.000000,1.000000,1.000000
3593,3594,CC1Cc2c([nH]c3ccccc23)C(c)N1,4,ccc1c2c([nH]c1c)C(c)NC(C)C2,3,1107,1107,1107,0.022003,1.000000,1.000000,1.000000
3594,3593,ccc1c2c([nH]c1c)C(c)NC(C)C2,3,CC1Cc2c([nH]c3ccccc23)C(c)N1,4,1107,1107,1107,0.022003,1.000000,1.000000,1.000000
3349,3345,ccc(co)C(C)O,2,CC(O)c1ccoc1,3,1196,1196,1196,0.023515,1.000000,1.000000,1.000000
3345,3349,CC(O)c1ccoc1,3,ccc(co)C(C)O,2,1196,1196,1196,0.023515,1.000000,1.000000,1.000000
4699,4692,CCCCCOCC(COC)OC(C)=O,5,CCCCCCCOCC(COC)OC(C)=O,6,839,839,839,0.017323,1.000000,1.000000,1.000000
4692,4699,CCCCCCCOCC(COC)OC(C)=O,6,CCCCCOCC(COC)OC(C)=O,5,839,839,839,0.017323,1.000000,1.000000,1.000000
4696,4692,CCCCCCOCC(COC(C)=O)OC(=O)CC,6,CCCCCCCOCC(COC)OC(C)=O,6,839,839,839,0.017323,1.000000,1.000000,1.000000
4692,4696,CCCCCCCOCC(COC)OC(C)=O,6,CCCCCCOCC(COC(C)=O)OC(=O)CC,6,839,839,839,0.017323,1.000000,1.000000,1.000000
4699,4696,CCCCCOCC(COC)OC(C)=O,5,CCCCCCOCC(COC(C)=O)OC(=O)CC,6,839,839,839,0.017323,1.000000,1.000000,1.000000
4696,4699,CCCCCCOCC(COC(C)=O)OC(=O)CC,6,CCCCCOCC(COC)OC(C)=O,5,839,839,839,0.017323,1.000000,1.000000,1.000000
5931,5928,NCC1CCCN2CCCCC12,3,CCN1CCCC(CN)C1C,4,651,651,651,0.013901,1.000000,1.000000,1.000000
5931,5930,NCC1CCCN2CCCCC12,3,CC1NCCCC1CN,3,651,651,651,0.013901,1.000000,1.000000,1.000000
5928,5931,CCN1CCCC(CN)C1C,4,NCC1CCCN2CCCCC12,3,651,651,651,0.013901,1.000000,1.000000,1.000000
5929,5928,CCC(CN)C(C)N,2,CCN1CCCC(CN)C1C,4,651,651,651,0.013901,1.000000,1.000000,1.000000
5928,5929,CCN1CCCC(CN)C1C,4,CCC(CN)C(C)N,2,651,651,651,0.013901,1.000000,1.000000,1.000000
5930,5928,CC1NCCCC1CN,3,CCN1CCCC(CN)C1C,4,651,651,651,0.013901,1.000000,1.000000,1.000000
5929,5931,CCC(CN)C(C)N,2,NCC1CCCN2CCCCC12,3,651,651,651,0.013901,1.000000,1.000000,1.000000
5930,5931,CC1NCCCC1CN,3,NCC1CCCN2CCCCC12,3,651,651,651,0.013901,1.000000,1.000000,1.000000
5930,5929,CC1NCCCC1CN,3,CCC(CN)C(C)N,2,651,651,651,0.013901,1.000000,1.000000,1.000000
5929,5930,CCC(CN)C(C)N,2,CC1NCCCC1CN,3,651,651,651,0.013901,1.000000,1.000000,1.000000
5928,5930,CCN1CCCC(CN)C1C,4,CC1NCCCC1CN,3,651,651,651,0.013901,1.000000,1.000000,1.000000
5931,5929,NCC1CCCN2CCCCC12,3,CCC(CN)C(C)N,2,651,651,651,0.013901,1.000000,1.000000,1.000000
10085,10093,ccc(oc)C(N)=O,2,NC(=O)c1ccco1,3,385,385,385,0.008784,1.000000,1.000000,1.000000
10106,10082,cc(Cl)c1c(c)C(=O)C(C(C)=O)(C(C)C)O1,3,COc1cc(OC)c2c(c1Cl)OC(C(C)=O)(C(C)C)C2=O,4,385,385,385,0.008784,1.000000,1.000000,1.000000
10082,10094,COc1cc(OC)c2c(c1Cl)OC(C(C)=O)(C(C)C)C2=O,4,COc1cc(O)c(Cl)c2c1C(=O)C(C(C)=O)(C(C)C)O2,4,385,385,385,0.008784,1.000000,1.000000,1.000000
2445,2447,C=CCC=CCCCCCCCC,6,CCC=CCCCCCCCC,6,1643,1643,1643,0.030851,1.000000,1.000000,1.000000
10082,10095,COc1cc(OC)c2c(c1Cl)OC(C(C)=O)(C(C)C)C2=O,4,cc(O)c1c(c)OC(C(C)=O)(C(C)C)C1=O,3,385,385,385,0.008784,1.000000,1.000000,1.000000
1709,1708,cc(C)n(CC)c(c)=O,2,CCn1c(C)cccc1=O,3,2390,2390,2390,0.042382,1.000000,1.000000,1.000000
2447,2445,CCC=CCCCCCCCC,6,C=CCC=CCCCCCCCC,6,1643,1643,1643,0.030851,1.000000,1.000000,1.000000
10082,10106,COc1cc(OC)c2c(c1Cl)OC(C(C)=O)(C(C)C)C2=O,4,cc(Cl)c1c(c)C(=O)C(C(C)=O)(C(C)C)O1,3,385,385,385,0.008784,1.000000,1.000000,1.000000
10106,10095,cc(Cl)c1c(c)C(=O)C(C(C)=O)(C(C)C)O1,3,cc(O)c1c(c)OC(C(C)=O)(C(C)C)C1=O,3,385,385,385,0.008784,1.000000,1.000000,1.000000
10095,10094,cc(O)c1c(c)OC(C(C)=O)(C(C)C)C1=O,3,COc1cc(O)c(Cl)c2c1C(=O)C(C(C)=O)(C(C)C)O2,4,385,385,385,0.008784,1.000000,1.000000,1.000000
7197,7193,CC=C(CO)C1CCC(C)(O)C1(C)CC,3,CCC1(C)C(C2=CC(=O)OC2)CCC1(C)O,4,535,535,535,0.011716,1.000000,1.000000,1.000000
10095,10082,cc(O)c1c(c)OC(C(C)=O)(C(C)C)C1=O,3,COc1cc(OC)c2c(c1Cl)OC(C(C)=O)(C(C)C)C2=O,4,385,385,385,0.008784,1.000000,1.000000,1.000000
1708,1709,CCn1c(C)cccc1=O,3,cc(C)n(CC)c(c)=O,2,2390,2390,2390,0.042382,1.000000,1.000000,1.000000
10106,10094,cc(Cl)c1c(c)C(=O)C(C(C)=O)(C(C)C)O1,3,COc1cc(O)c(Cl)c2c1C(=O)C(C(C)=O)(C(C)C)O2,4,385,385,385,0.008784,1.000000,1.000000,1.000000
8704,8707,CN(C)C(C(=O)NC1CCCCC1)C(C)(C)O,4,CC(C)NC(=O)C(N(C)C)C(C)(C)O,3,443,443,443,0.009934,1.000000,1.000000,1.000000
8707,8704,CC(C)NC(=O)C(N(C)C)C(C)(C)O,3,CN(C)C(C(=O)NC1CCCCC1)C(C)(C)O,4,443,443,443,0.009934,1.000000,1.000000,1.000000
2150,2147,CC=CCCC(=O)OCC(CO)OC,5,CCCC(=O)OCC(CO)OC,4,1888,1888,1888,0.034720,1.000000,1.000000,1.000000
10094,10106,COc1cc(O)c(Cl)c2c1C(=O)C(C(C)=O)(C(C)C)O2,4,cc(Cl)c1c(c)C(=O)C(C(C)=O)(C(C)C)O1,3,385,385,385,0.008784,1.000000,1.000000,1.000000
2147,2149,CCCC(=O)OCC(CO)OC,4,C=CCC=CCCC(=O)OCC(CO)OC,6,1888,1888,1888,0.034720,1.000000,1.000000,1.000000
10095,10106,cc(O)c1c(c)OC(C(C)=O)(C(C)C)C1=O,3,cc(Cl)c1c(c)C(=O)C(C(C)=O)(C(C)C)O1,3,385,385,385,0.008784,1.000000,1.000000,1.000000
10093,10085,NC(=O)c1ccco1,3,ccc(oc)C(N)=O,2,385,385,385,0.008784,1.000000,1.000000,1.000000
2147,2150,CCCC(=O)OCC(CO)OC,4,CC=CCCC(=O)OCC(CO)OC,5,1888,1888,1888,0.034720,1.000000,1.000000,1.000000
10094,10095,COc1cc(O)c(Cl)c2c1C(=O)C(C(C)=O)(C(C)C)O2,4,cc(O)c1c(c)OC(C(C)=O)(C(C)C)C1=O,3,385,385,385,0.008784,1.000000,1.000000,1.000000
7193,7197,CCC1(C)C(C2=CC(=O)OC2)CCC1(C)O,4,CC=C(CO)C1CCC(C)(O)C1(C)CC,3,535,535,535,0.011716,1.000000,1.000000,1.000000
2149,2147,C=CCC=CCCC(=O)OCC(CO)OC,6,CCCC(=O)OCC(CO)OC,4,1888,1888,1888,0.034720,1.000000,1.000000,1.000000
2149,2150,C=CCC=CCCC(=O)OCC(CO)OC,6,CC=CCCC(=O)OCC(CO)OC,5,1888,1888,1888,0.034720,1.000000,1.000000,1.000000
10094,10082,COc1cc(O)c(Cl)c2c1C(=O)C(C(C)=O)(C(C)C)O2,4,COc1cc(OC)c2c(c1Cl)OC(C(C)=O)(C(C)C)C2=O,4,385,385,385,0.008784,1.000000,1.000000,1.000000
2150,2149,CC=CCCC(=O)OCC(CO)OC,5,C=CCC=CCCC(=O)OCC(CO)OC,6,1888,1888,1888,0.034720,1.000000,1.000000,1.000000
7436,7435,C=CC(NC)C(C)C,2,C=CC(NC)C(C)C(=O)NC,3,515,515,515,0.011333,1.000000,1.000000,1.000000
8266,8270,CCCNc1ccc2c(cc1=O)C(NC(C)=O)CCc1ccc(O)c(OC)c1-2,6,CCCNc1ccc2c(cc1=O)C(NC(C)=O)CCc1cc(O)c(OC)c(OC)c1-2,6,467,467,467,0.010404,1.000000,1.000000,1.000000
7441,7448,C=CC(OC)C(C)C(OC(C)=O)C(C)C(O)C(C)C(O)C(C)C,5,C=CC(C)C(O)C(C)C(O)C(C)C(OC(C)=O)C(C)C(C)O,5,515,515,515,0.011333,1.000000,1.000000,1.000000
7438,7435,CC(N)C(C)C(N)=O,2,C=CC(NC)C(C)C(=O)NC,3,515,515,515,0.011333,1.000000,1.000000,1.000000
7436,7438,C=CC(NC)C(C)C,2,CC(N)C(C)C(N)=O,2,515,515,515,0.011333,1.000000,1.000000,1.000000
8257,8270,cc(c)-c1ccc(NCCC)c(=O)cc1C(CC)NC,5,CCCNc1ccc2c(cc1=O)C(NC(C)=O)CCc1cc(O)c(OC)c(OC)c1-2,6,467,467,467,0.010404,1.000000,1.000000,1.000000
8270,8266,CCCNc1ccc2c(cc1=O)C(NC(C)=O)CCc1cc(O)c(OC)c(OC)c1-2,6,CCCNc1ccc2c(cc1=O)C(NC(C)=O)CCc1ccc(O)c(OC)c1-2,6,467,467,467,0.010404,1.000000,1.000000,1.000000
7441,7450,C=CC(OC)C(C)C(OC(C)=O)C(C)C(O)C(C)C(O)C(C)C,5,C=CC(C)C(O)C(C)C(O)C(C)C(OC(C)=O)C(C)C(C=CO)OC,6,515,515,515,0.011333,1.000000,1.000000,1.000000
7438,7436,CC(N)C(C)C(N)=O,2,C=CC(NC)C(C)C,2,515,515,515,0.011333,1.000000,1.000000,1.000000
7450,7448,C=CC(C)C(O)C(C)C(O)C(C)C(OC(C)=O)C(C)C(C=CO)OC,6,C=CC(C)C(O)C(C)C(O)C(C)C(OC(C)=O)C(C)C(C)O,5,515,515,515,0.011333,1.000000,1.000000,1.000000
7435,7436,C=CC(NC)C(C)C(=O)NC,3,C=CC(NC)C(C)C,2,515,515,515,0.011333,1.000000,1.000000,1.000000
7435,7438,C=CC(NC)C(C)C(=O)NC,3,CC(N)C(C)C(N)=O,2,515,515,515,0.011333,1.000000,1.000000,1.000000
8270,8257,CCCNc1ccc2c(cc1=O)C(NC(C)=O)CCc1cc(O)c(OC)c(OC)c1-2,6,cc(c)-c1ccc(NCCC)c(=O)cc1C(CC)NC,5,467,467,467,0.010404,1.000000,1.000000,1.000000
6841,6851,COC1C(Nc(n)n)COC1C,3,cNC(CO)C(C)O,2,562,562,562,0.012231,1.000000,1.000000,1.000000
6838,6851,cNC1COC(C)C1O,3,cNC(CO)C(C)O,2,562,562,562,0.012231,1.000000,1.000000,1.000000
6843,6839,cc(C)n(CC)c(c)=O,2,CCn1c(C)cccc1=O,3,562,562,562,0.012231,1.000000,1.000000,1.000000
6838,6841,cNC1COC(C)C1O,3,COC1C(Nc(n)n)COC1C,3,562,562,562,0.012231,1.000000,1.000000,1.000000
6837,6838,cnc(nc)NC(CO)C(C)O,3,cNC1COC(C)C1O,3,562,562,562,0.012231,1.000000,1.000000,1.000000
6839,6843,CCn1c(C)cccc1=O,3,cc(C)n(CC)c(c)=O,2,562,562,562,0.012231,1.000000,1.000000,1.000000
6851,6841,cNC(CO)C(C)O,2,COC1C(Nc(n)n)COC1C,3,562,562,562,0.012231,1.000000,1.000000,1.000000
6851,6838,cNC(CO)C(C)O,2,cNC1COC(C)C1O,3,562,562,562,0.012231,1.000000,1.000000,1.000000
6851,6837,cNC(CO)C(C)O,2,cnc(nc)NC(CO)C(C)O,3,562,562,562,0.012231,1.000000,1.000000,1.000000
6837,6841,cnc(nc)NC(CO)C(C)O,3,COC1C(Nc(n)n)COC1C,3,562,562,562,0.012231,1.000000,1.000000,1.000000
5963,5966,CC=CC(C)=CC(C)C(Cc1ccccc1)OC,6,CC=CC(C)=CC(C)C(Cc)OC,4,647,647,647,0.013827,1.000000,1.000000,1.000000
5963,5968,CC=CC(C)=CC(C)C(Cc1ccccc1)OC,6,ccc(cc)CC(OC)C(C)C=C(C)C=CC,5,647,647,647,0.013827,1.000000,1.000000,1.000000
6838,6837,cNC1COC(C)C1O,3,cnc(nc)NC(CO)C(C)O,3,562,562,562,0.012231,1.000000,1.000000,1.000000
5968,5963,ccc(cc)CC(OC)C(C)C=C(C)C=CC,5,CC=CC(C)=CC(C)C(Cc1ccccc1)OC,6,647,647,647,0.013827,1.000000,1.000000,1.000000
7448,7441,C=CC(C)C(O)C(C)C(O)C(C)C(OC(C)=O)C(C)C(C)O,5,C=CC(OC)C(C)C(OC(C)=O)C(C)C(O)C(C)C(O)C(C)C,5,515,515,515,0.011333,1.000000,1.000000,1.000000
6841,6837,COC1C(Nc(n)n)COC1C,3,cnc(nc)NC(CO)C(C)O,3,562,562,562,0.012231,1.000000,1.000000,1.000000
5968,5966,ccc(cc)CC(OC)C(C)C=C(C)C=CC,5,CC=CC(C)=CC(C)C(Cc)OC,4,647,647,647,0.013827,1.000000,1.000000,1.000000
5966,5968,CC=CC(C)=CC(C)C(Cc)OC,4,ccc(cc)CC(OC)C(C)C=C(C)C=CC,5,647,647,647,0.013827,1.000000,1.000000,1.000000
8266,8257,CCCNc1ccc2c(cc1=O)C(NC(C)=O)CCc1ccc(O)c(OC)c1-2,6,cc(c)-c1ccc(NCCC)c(=O)cc1C(CC)NC,5,467,467,467,0.010404,1.000000,1.000000,1.000000
7450,7441,C=CC(C)C(O)C(C)C(O)C(C)C(OC(C)=O)C(C)C(C=CO)OC,6,C=CC(OC)C(C)C(OC(C)=O)C(C)C(O)C(C)C(O)C(C)C,5,515,515,515,0.011333,1.000000,1.000000,1.000000
8257,8266,cc(c)-c1ccc(NCCC)c(=O)cc1C(CC)NC,5,CCCNc1ccc2c(cc1=O)C(NC(C)=O)CCc1ccc(O)c(OC)c1-2,6,467,467,467,0.010404,1.000000,1.000000,1.000000
6837,6851,cnc(nc)NC(CO)C(C)O,3,cNC(CO)C(C)O,2,562,562,562,0.012231,1.000000,1.000000,1.000000
5966,5963,CC=CC(C)=CC(C)C(Cc)OC,4,CC=CC(C)=CC(C)C(Cc1ccccc1)OC,6,647,647,647,0.013827,1.000000,1.000000,1.000000
7448,7450,C=CC(C)C(O)C(C)C(O)C(C)C(OC(C)=O)C(C)C(C)O,5,C=CC(C)C(O)C(C)C(O)C(C)C(OC(C)=O)C(C)C(C=CO)OC,6,515,515,515,0.011333,1.000000,1.000000,1.000000
6841,6838,COC1C(Nc(n)n)COC1C,3,cNC1COC(C)C1O,3,562,562,562,0.012231,1.000000,1.000000,1.000000
1534,1535,Cc1ccoc1,3,cocc(c)C,2,2714,2714,2714,0.047166,1.000000,1.000000,1.000000
3022,3020,C=CCCCC(=O)OC(COC(=O)CC)COC(=O)CC,6,CC=CCCCC(=O)OC(COC(C)=O)COC(C)=O,6,1314,1314,1314,0.025490,1.000000,1.000000,1.000000
1535,1534,cocc(c)C,2,Cc1ccoc1,3,2714,2714,2714,0.047166,1.000000,1.000000,1.000000
2737,2735,CCOP(=O)(O)OCC(O)COP(=O)(O)O,5,O=P(O)(O)OCC(O)COP(=O)(O)O,4,1461,1461,1461,0.027911,1.000000,1.000000,1.000000
6924,6928,cc1n(c(c)=O)CC(CN)CC1,3,cc1nCC2CNCC1C2,3,556,556,556,0.012117,1.000000,1.000000,1.000000
1689,1690,CCC=CCCCCC(=O)OC,5,CC=CCC=CCCCCC(=O)OC,6,2410,2410,2410,0.042681,1.000000,1.000000,1.000000
6928,6917,cc1nCC2CNCC1C2,3,cc(n)C(CC)CN,2,556,556,556,0.012117,1.000000,1.000000,1.000000
1950,1951,CCCCCCC(=O)OCC(C)O,5,CC=CCCCCCC(=O)OCC(C)O,6,2066,2066,2066,0.037475,1.000000,1.000000,1.000000
6928,6924,cc1nCC2CNCC1C2,3,cc1n(c(c)=O)CC(CN)CC1,3,556,556,556,0.012117,1.000000,1.000000,1.000000
3021,3022,CCCCC(=O)OC(COC(C)=O)COC(C)=O,5,C=CCCCC(=O)OC(COC(=O)CC)COC(=O)CC,6,1314,1314,1314,0.025490,1.000000,1.000000,1.000000
1690,1689,CC=CCC=CCCCCC(=O)OC,6,CCC=CCCCCC(=O)OC,5,2410,2410,2410,0.042681,1.000000,1.000000,1.000000
3022,3021,C=CCCCC(=O)OC(COC(=O)CC)COC(=O)CC,6,CCCCC(=O)OC(COC(C)=O)COC(C)=O,5,1314,1314,1314,0.025490,1.000000,1.000000,1.000000
3021,3020,CCCCC(=O)OC(COC(C)=O)COC(C)=O,5,CC=CCCCC(=O)OC(COC(C)=O)COC(C)=O,6,1314,1314,1314,0.025490,1.000000,1.000000,1.000000
3020,3022,CC=CCCCC(=O)OC(COC(C)=O)COC(C)=O,6,C=CCCCC(=O)OC(COC(=O)CC)COC(=O)CC,6,1314,1314,1314,0.025490,1.000000,1.000000,1.000000
3020,3021,CC=CCCCC(=O)OC(COC(C)=O)COC(C)=O,6,CCCCC(=O)OC(COC(C)=O)COC(C)=O,5,1314,1314,1314,0.025490,1.000000,1.000000,1.000000
6917,6928,cc(n)C(CC)CN,2,cc1nCC2CNCC1C2,3,556,556,556,0.012117,1.000000,1.000000,1.000000
6924,6917,cc1n(c(c)=O)CC(CN)CC1,3,cc(n)C(CC)CN,2,556,556,556,0.012117,1.000000,1.000000,1.000000
2735,2737,O=P(O)(O)OCC(O)COP(=O)(O)O,4,CCOP(=O)(O)OCC(O)COP(=O)(O)O,5,1461,1461,1461,0.027911,1.000000,1.000000,1.000000
1951,1950,CC=CCCCCCC(=O)OCC(C)O,6,CCCCCCC(=O)OCC(C)O,5,2066,2066,2066,0.037475,1.000000,1.000000,1.000000
6917,6924,cc(n)C(CC)CN,2,cc1n(c(c)=O)CC(CN)CC1,3,556,556,556,0.012117,1.000000,1.000000,1.000000
2377,2376,CCCCCC(=O)OCC(COC(C)=O)OC(=O)CC,6,C=CCCCCC(=O)OCC(COC)OC(C)=O,6,1696,1696,1696,0.031696,1.000000,1.000000,1.000000
2376,2377,C=CCCCCC(=O)OCC(COC)OC(C)=O,6,CCCCCC(=O)OCC(COC(C)=O)OC(=O)CC,6,1696,1696,1696,0.031696,1.000000,1.000000,1.000000
2146,2143,CC1CC2CCN1CC2,3,CCN(CC)C(C)C,2,1889,1889,1889,0.034736,1.000000,1.000000,1.000000
10317,10315,CSCCNC(=O)CCNC(=O)C(O)C(C)(C)C,6,CSCCNC(=O)CCNC(C)=O,5,377,377,377,0.008623,1.000000,1.000000,1.000000
10324,10312,cc(-c)c(C(C)C)n(c)C,2,c-c1ccc(=O)n2c1C(C)CC(C)C2,3,377,377,377,0.008623,1.000000,1.000000,1.000000
10316,10312,c-c1ccc(=O)n(C)c1,3,c-c1ccc(=O)n2c1C(C)CC(C)C2,3,377,377,377,0.008623,1.000000,1.000000,1.000000
10324,10316,cc(-c)c(C(C)C)n(c)C,2,c-c1ccc(=O)n(C)c1,3,377,377,377,0.008623,1.000000,1.000000,1.000000
2143,2146,CCN(CC)C(C)C,2,CC1CC2CCN1CC2,3,1889,1889,1889,0.034736,1.000000,1.000000,1.000000
10312,10324,c-c1ccc(=O)n2c1C(C)CC(C)C2,3,cc(-c)c(C(C)C)n(c)C,2,377,377,377,0.008623,1.000000,1.000000,1.000000
10312,10316,c-c1ccc(=O)n2c1C(C)CC(C)C2,3,c-c1ccc(=O)n(C)c1,3,377,377,377,0.008623,1.000000,1.000000,1.000000
10316,10324,c-c1ccc(=O)n(C)c1,3,cc(-c)c(C(C)C)n(c)C,2,377,377,377,0.008623,1.000000,1.000000,1.000000
10315,10317,CSCCNC(=O)CCNC(C)=O,5,CSCCNC(=O)CCNC(=O)C(O)C(C)(C)C,6,377,377,377,0.008623,1.000000,1.000000,1.000000
1339,1341,CCC=CCC=CCCC(=O)O,5,CC=CCC=CCC=CCCC(=O)O,6,3181,3181,3181,0.053873,1.000000,1.000000,1.000000
11023,11034,ccc1c(c)NC2(CCNCC2)c2cccn2-1,4,ccc1c(c)NC(CC)(CC)c2cccn2-1,5,352,352,352,0.008118,1.000000,1.000000,1.000000
11017,11039,cnc(cs)C(C)(C)O,2,Cc1nc(C(C)(C)O)cs1,3,352,352,352,0.008118,1.000000,1.000000,1.000000
1341,1339,CC=CCC=CCC=CCCC(=O)O,6,CCC=CCC=CCCC(=O)O,5,3181,3181,3181,0.053873,1.000000,1.000000,1.000000
11017,11027,cnc(cs)C(C)(C)O,2,CCC(O)(CC)c1csc(C)n1,3,352,352,352,0.008118,1.000000,1.000000,1.000000
11029,11047,CCC(C(=O)OC(C)C)=C(C)C,3,cCCC(C(=O)OC)=C(C)CO,3,352,352,352,0.008118,1.000000,1.000000,1.000000
11041,11023,ccc(c(c)N)-n(c)c,2,ccc1c(c)NC2(CCNCC2)c2cccn2-1,4,352,352,352,0.008118,1.000000,1.000000,1.000000
11039,11027,Cc1nc(C(C)(C)O)cs1,3,CCC(O)(CC)c1csc(C)n1,3,352,352,352,0.008118,1.000000,1.000000,1.000000
11023,11041,ccc1c(c)NC2(CCNCC2)c2cccn2-1,4,ccc(c(c)N)-n(c)c,2,352,352,352,0.008118,1.000000,1.000000,1.000000
11034,11041,ccc1c(c)NC(CC)(CC)c2cccn2-1,5,ccc(c(c)N)-n(c)c,2,352,352,352,0.008118,1.000000,1.000000,1.000000
